Time [h],Blank,Blank,Blank,SC-Ura,SC-Ura,SC-Ura,20mM pH 7.0,20mM pH 7.0,20mM pH 7.0,20mM pH 7.5,20mM pH 7.5,20mM pH 7.5,20mM pH 8.0,20mM pH 8.0,20mM pH 8.0,20mM pH 8.5,20mM pH 8.5,20mM pH 8.5,20mM pH 9.0,20mM pH 9.0,20mM pH 9.0,50mM 7.0,50mM 7.0,50mM 7.0,50mM 7.5,50mM 7.5,50mM 7.5,50mM 8.0,50mM 8.0,50mM 8.0,50mM 8.5,50mM 8.5,50mM 8.5,50mM 9.0,50mM 9.0,50mM 9.0
0,0.084,0.09,0.078,0.117,0.116,0.136,0.118,0.114,0.139,0.117,0.121,0.126,0.124,0.134,0.128,0.21,0.152,0.182,0.194,0.131,0.139,0.144,0.131,0.132,0.121,0.185,0.139,0.154,0.141,0.147,0.111,0.131,0.121,0.15,0.115,0.128
0.12,0.084,0.083,0.08,0.131,0.126,0.137,0.117,0.104,0.134,0.108,0.11,0.116,0.106,0.122,0.117,0.177,0.133,0.158,0.141,0.122,0.122,0.139,0.119,0.119,0.109,0.158,0.123,0.158,0.118,0.124,0.101,0.109,0.11,0.142,0.103,0.118
0.24,0.087,0.085,0.081,0.124,0.121,0.132,0.109,0.102,0.131,0.102,0.109,0.114,0.104,0.125,0.114,0.166,0.136,0.169,0.136,0.118,0.122,0.145,0.122,0.123,0.108,0.154,0.122,0.134,0.117,0.136,0.103,0.107,0.109,0.133,0.102,0.114
0.36,0.086,0.087,0.081,0.131,0.124,0.14,0.114,0.103,0.138,0.1,0.108,0.115,0.103,0.122,0.108,0.169,0.126,0.159,0.125,0.122,0.12,0.135,0.124,0.119,0.11,0.159,0.127,0.134,0.117,0.126,0.104,0.105,0.104,0.133,0.101,0.116
0.48,0.086,0.085,0.081,0.14,0.132,0.147,0.117,0.114,0.142,0.113,0.111,0.116,0.106,0.128,0.118,0.18,0.133,0.157,0.143,0.12,0.126,0.141,0.123,0.125,0.109,0.167,0.13,0.134,0.123,0.128,0.106,0.125,0.114,0.136,0.105,0.12
0.59,0.09,0.087,0.082,0.137,0.127,0.139,0.11,0.109,0.133,0.105,0.112,0.116,0.104,0.127,0.111,0.167,0.134,0.162,0.128,0.11,0.12,0.138,0.121,0.12,0.109,0.157,0.126,0.133,0.118,0.126,0.102,0.129,0.108,0.12,0.104,0.106
0.71,0.084,0.085,0.084,0.139,0.125,0.145,0.113,0.11,0.135,0.106,0.113,0.12,0.106,0.126,0.113,0.16,0.133,0.151,0.151,0.111,0.127,0.14,0.125,0.12,0.111,0.154,0.123,0.135,0.114,0.122,0.101,0.12,0.108,0.118,0.101,0.106
0.83,0.085,0.085,0.081,0.141,0.127,0.149,0.123,0.11,0.14,0.104,0.108,0.118,0.102,0.121,0.116,0.171,0.125,0.164,0.132,0.115,0.122,0.14,0.12,0.121,0.108,0.163,0.126,0.135,0.117,0.125,0.111,0.11,0.107,0.114,0.104,0.113
0.95,0.083,0.081,0.079,0.133,0.134,0.14,0.118,0.112,0.138,0.117,0.122,0.134,0.114,0.131,0.122,0.176,0.137,0.155,0.126,0.121,0.122,0.149,0.128,0.135,0.123,0.17,0.127,0.137,0.117,0.124,0.102,0.108,0.109,0.109,0.102,0.101
1.07,0.085,0.082,0.079,0.134,0.131,0.143,0.118,0.11,0.136,0.116,0.124,0.131,0.114,0.133,0.125,0.164,0.137,0.157,0.136,0.119,0.119,0.145,0.126,0.131,0.122,0.164,0.129,0.135,0.116,0.124,0.096,0.104,0.109,0.103,0.099,0.1
1.19,0.082,0.081,0.077,0.134,0.126,0.139,0.118,0.107,0.131,0.119,0.122,0.126,0.112,0.129,0.124,0.166,0.13,0.157,0.128,0.12,0.126,0.142,0.128,0.127,0.117,0.165,0.131,0.132,0.119,0.117,0.096,0.11,0.101,0.101,0.096,0.101
1.31,0.081,0.085,0.079,0.133,0.127,0.148,0.118,0.117,0.14,0.115,0.121,0.126,0.113,0.133,0.124,0.178,0.132,0.173,0.179,0.117,0.12,0.148,0.131,0.135,0.12,0.167,0.13,0.135,0.115,0.121,0.102,0.105,0.095,0.101,0.101,0.101
1.43,0.082,0.082,0.08,0.136,0.124,0.136,0.116,0.106,0.132,0.119,0.121,0.125,0.112,0.129,0.126,0.163,0.126,0.153,0.126,0.118,0.117,0.142,0.127,0.129,0.121,0.162,0.126,0.128,0.112,0.117,0.095,0.108,0.099,0.101,0.098,0.1
1.54,0.085,0.085,0.08,0.143,0.135,0.14,0.116,0.111,0.136,0.106,0.115,0.116,0.105,0.118,0.111,0.142,0.123,0.143,0.121,0.11,0.118,0.139,0.122,0.12,0.11,0.148,0.119,0.119,0.107,0.115,0.094,0.1,0.099,0.096,0.094,0.103
1.66,0.082,0.083,0.08,0.144,0.129,0.136,0.109,0.105,0.138,0.102,0.109,0.117,0.101,0.119,0.114,0.143,0.122,0.139,0.119,0.109,0.112,0.14,0.118,0.116,0.107,0.154,0.126,0.125,0.108,0.11,0.101,0.1,0.098,0.094,0.098,0.105
1.78,0.084,0.087,0.08,0.137,0.135,0.142,0.113,0.106,0.13,0.106,0.113,0.113,0.104,0.114,0.115,0.149,0.124,0.137,0.125,0.105,0.113,0.148,0.118,0.118,0.106,0.148,0.116,0.124,0.107,0.114,0.095,0.102,0.093,0.101,0.095,0.102
1.9,0.082,0.082,0.079,0.157,0.14,0.144,0.132,0.117,0.147,0.116,0.123,0.127,0.115,0.134,0.128,0.165,0.125,0.151,0.133,0.115,0.119,0.148,0.136,0.132,0.123,0.163,0.128,0.13,0.109,0.115,0.112,0.1,0.101,0.093,0.099,0.1
2.02,0.085,0.084,0.081,0.144,0.13,0.133,0.105,0.098,0.123,0.107,0.108,0.111,0.104,0.113,0.111,0.137,0.114,0.127,0.11,0.108,0.107,0.134,0.117,0.114,0.107,0.132,0.113,0.114,0.101,0.104,0.088,0.092,0.09,0.085,0.088,0.098
2.14,0.085,0.084,0.08,0.146,0.149,0.15,0.134,0.114,0.146,0.122,0.125,0.136,0.115,0.128,0.129,0.159,0.123,0.15,0.128,0.116,0.117,0.145,0.135,0.135,0.127,0.163,0.123,0.122,0.107,0.117,0.1,0.102,0.099,0.115,0.1,0.101
2.26,0.083,0.083,0.079,0.153,0.151,0.146,0.139,0.12,0.143,0.119,0.126,0.134,0.115,0.127,0.13,0.155,0.12,0.151,0.135,0.114,0.114,0.139,0.137,0.132,0.123,0.155,0.119,0.124,0.106,0.111,0.101,0.107,0.098,0.095,0.096,0.108
2.38,0.086,0.088,0.079,0.141,0.142,0.153,0.118,0.11,0.136,0.101,0.112,0.112,0.104,0.113,0.116,0.157,0.118,0.145,0.121,0.104,0.111,0.139,0.122,0.132,0.108,0.143,0.114,0.113,0.102,0.107,0.092,0.103,0.089,0.092,0.091,0.1
2.5,0.085,0.085,0.083,0.154,0.158,0.165,0.135,0.123,0.161,0.116,0.125,0.132,0.11,0.12,0.118,0.16,0.118,0.151,0.117,0.109,0.116,0.137,0.134,0.13,0.111,0.155,0.116,0.117,0.106,0.113,0.097,0.098,0.096,0.157,0.094,0.11
2.62,0.085,0.084,0.081,0.155,0.149,0.151,0.124,0.113,0.144,0.109,0.118,0.113,0.106,0.117,0.118,0.157,0.121,0.154,0.12,0.104,0.117,0.135,0.119,0.118,0.11,0.151,0.115,0.118,0.104,0.107,0.102,0.093,0.091,0.177,0.091,0.104
2.73,0.083,0.082,0.079,0.148,0.152,0.155,0.137,0.112,0.147,0.117,0.13,0.129,0.114,0.125,0.131,0.199,0.126,0.166,0.128,0.11,0.108,0.138,0.141,0.125,0.123,0.171,0.117,0.12,0.105,0.111,0.097,0.1,0.095,0.112,0.091,0.092
2.85,0.082,0.082,0.079,0.162,0.174,0.159,0.136,0.118,0.152,0.119,0.122,0.12,0.116,0.126,0.135,0.173,0.128,0.16,0.128,0.104,0.106,0.131,0.124,0.119,0.129,0.171,0.12,0.123,0.108,0.113,0.094,0.098,0.095,0.18,0.094,0.093
2.97,0.083,0.083,0.08,0.16,0.163,0.154,0.136,0.114,0.15,0.12,0.136,0.124,0.116,0.128,0.135,0.206,0.131,0.172,0.138,0.11,0.119,0.133,0.132,0.127,0.124,0.174,0.119,0.124,0.108,0.128,0.1,0.096,0.087,0.151,0.095,0.089
3.09,0.083,0.082,0.079,0.161,0.162,0.172,0.133,0.118,0.162,0.124,0.136,0.129,0.121,0.13,0.134,0.178,0.135,0.172,0.124,0.112,0.112,0.148,0.138,0.13,0.13,0.169,0.119,0.125,0.109,0.117,0.092,0.091,0.093,0.223,0.092,0.092
3.21,0.084,0.085,0.082,0.172,0.167,0.166,0.153,0.129,0.17,0.114,0.127,0.126,0.112,0.125,0.127,0.171,0.125,0.161,0.121,0.11,0.112,0.135,0.124,0.126,0.12,0.173,0.119,0.124,0.106,0.118,0.101,0.09,0.09,0.177,0.097,0.098
3.33,0.084,0.082,0.079,0.162,0.162,0.177,0.14,0.123,0.155,0.123,0.128,0.134,0.12,0.134,0.141,0.186,0.176,0.175,0.126,0.124,0.112,0.135,0.123,0.126,0.133,0.188,0.122,0.129,0.111,0.117,0.094,0.093,0.09,0.28,0.092,0.092
3.45,0.082,0.082,0.078,0.164,0.168,0.184,0.152,0.128,0.158,0.123,0.13,0.134,0.121,0.135,0.144,0.189,0.162,0.174,0.131,0.114,0.114,0.138,0.127,0.127,0.134,0.185,0.123,0.128,0.114,0.121,0.105,0.092,0.087,0.291,0.094,0.094
3.57,0.086,0.084,0.081,0.179,0.171,0.181,0.147,0.129,0.168,0.118,0.13,0.124,0.118,0.133,0.132,0.183,0.132,0.169,0.122,0.11,0.109,0.14,0.122,0.126,0.119,0.18,0.125,0.125,0.11,0.12,0.095,0.093,0.088,0.354,0.094,0.096
3.68,0.083,0.084,0.08,0.18,0.169,0.172,0.141,0.123,0.153,0.122,0.139,0.128,0.128,0.143,0.145,0.199,0.174,0.181,0.134,0.117,0.115,0.152,0.127,0.123,0.133,0.197,0.132,0.134,0.115,0.126,0.09,0.093,0.085,0.328,0.091,0.091
3.8,0.083,0.083,0.08,0.187,0.202,0.182,0.158,0.138,0.164,0.126,0.14,0.133,0.128,0.146,0.152,0.208,0.152,0.182,0.135,0.116,0.116,0.167,0.133,0.127,0.138,0.199,0.132,0.148,0.115,0.127,0.096,0.09,0.087,0.36,0.097,0.093
3.92,0.083,0.083,0.08,0.168,0.172,0.174,0.137,0.117,0.153,0.125,0.136,0.132,0.132,0.15,0.152,0.205,0.142,0.188,0.137,0.117,0.118,0.151,0.13,0.129,0.137,0.201,0.132,0.136,0.127,0.124,0.091,0.091,0.082,0.345,0.093,0.109
4.04,0.084,0.083,0.081,0.19,0.185,0.202,0.165,0.144,0.177,0.118,0.13,0.128,0.125,0.139,0.139,0.21,0.243,0.185,0.134,0.11,0.111,0.141,0.128,0.125,0.121,0.19,0.128,0.138,0.121,0.122,0.09,0.089,0.084,0.416,0.092,0.1
4.16,0.084,0.084,0.08,0.188,0.178,0.187,0.144,0.126,0.17,0.124,0.135,0.129,0.127,0.141,0.141,0.202,0.136,0.184,0.152,0.112,0.114,0.154,0.128,0.128,0.123,0.19,0.134,0.132,0.113,0.128,0.094,0.087,0.086,0.303,0.089,0.088
4.28,0.084,0.083,0.08,0.18,0.165,0.174,0.139,0.118,0.167,0.125,0.132,0.13,0.125,0.14,0.14,0.198,0.14,0.183,0.133,0.112,0.113,0.152,0.128,0.124,0.123,0.191,0.132,0.138,0.114,0.124,0.088,0.085,0.085,0.398,0.089,0.089
4.4,0.083,0.086,0.079,0.21,0.192,0.199,0.155,0.132,0.173,0.133,0.15,0.142,0.142,0.16,0.165,0.22,0.152,0.198,0.144,0.124,0.127,0.167,0.133,0.135,0.144,0.223,0.146,0.144,0.122,0.185,0.092,0.093,0.085,0.431,0.092,0.092
4.52,0.086,0.092,0.082,0.234,0.218,0.209,0.177,0.146,0.181,0.124,0.141,0.137,0.129,0.151,0.147,0.209,0.141,0.189,0.146,0.115,0.116,0.157,0.137,0.134,0.128,0.207,0.139,0.138,0.116,0.128,0.098,0.092,0.092,0.449,0.093,0.096
4.64,0.083,0.091,0.078,0.202,0.192,0.195,0.161,0.133,0.181,0.126,0.141,0.133,0.127,0.15,0.149,0.211,0.139,0.217,0.143,0.115,0.12,0.16,0.132,0.131,0.128,0.201,0.138,0.134,0.114,0.187,0.094,0.086,0.088,0.435,0.086,0.089
4.75,0.083,0.083,0.08,0.205,0.19,0.199,0.154,0.129,0.17,0.124,0.135,0.132,0.128,0.148,0.15,0.214,0.138,0.188,0.423,0.116,0.116,0.158,0.14,0.125,0.128,0.208,0.141,0.137,0.116,0.148,0.088,0.087,0.085,0.445,0.087,0.088
4.87,0.082,0.082,0.078,0.217,0.21,0.208,0.165,0.142,0.178,0.133,0.152,0.144,0.148,0.172,0.172,0.236,0.156,0.21,0.108,0.127,0.128,0.173,0.143,0.142,0.151,0.233,0.152,0.157,0.125,0.132,0.101,0.091,0.331,0.493,0.092,0.091
4.99,0.082,0.082,0.079,0.232,0.229,0.216,0.186,0.149,0.188,0.137,0.156,0.144,0.147,0.176,0.176,0.236,0.162,0.213,0.124,0.128,0.127,0.176,0.145,0.144,0.15,0.243,0.152,0.149,0.123,0.198,0.092,0.086,0.088,0.46,0.086,0.088
5.11,0.082,0.081,0.079,0.201,0.191,0.2,0.158,0.127,0.178,0.138,0.157,0.143,0.146,0.174,0.177,0.238,0.158,0.212,0.115,0.127,0.133,0.179,0.148,0.142,0.152,0.232,0.156,0.161,0.125,0.138,0.101,0.088,0.154,0.51,0.084,0.085
5.23,0.085,0.085,0.082,0.253,0.249,0.224,0.198,0.164,0.203,0.134,0.152,0.145,0.139,0.164,0.16,0.223,0.19,0.202,0.113,0.126,0.125,0.17,0.145,0.137,0.137,0.224,0.15,0.142,0.162,0.194,0.092,0.093,0.09,0.471,0.087,0.095
5.35,0.082,0.083,0.078,0.197,0.199,0.209,0.157,0.126,0.18,0.14,0.158,0.149,0.156,0.18,0.184,0.245,0.236,0.216,0.121,0.135,0.146,0.189,0.155,0.155,0.157,0.248,0.158,0.151,0.128,0.15,0.09,0.088,0.088,0.516,0.086,0.087
5.47,0.082,0.081,0.077,0.221,0.221,0.218,0.194,0.157,0.213,0.148,0.165,0.153,0.158,0.18,0.185,0.244,0.183,0.218,0.12,0.138,0.164,0.183,0.155,0.151,0.159,0.249,0.159,0.154,0.129,0.137,0.085,0.085,0.083,0.578,0.087,0.091
5.59,0.084,0.083,0.08,0.243,0.244,0.255,0.209,0.168,0.212,0.149,0.169,0.16,0.161,0.184,0.192,0.248,0.17,0.225,0.127,0.133,0.135,0.188,0.156,0.155,0.16,0.254,0.162,0.157,0.131,0.154,0.089,0.086,0.084,0.558,0.088,0.093
5.71,0.082,0.082,0.078,0.222,0.207,0.24,0.172,0.128,0.208,0.152,0.168,0.157,0.159,0.191,0.202,0.253,0.262,0.225,0.128,0.157,0.139,0.2,0.159,0.156,0.16,0.263,0.167,0.171,0.128,0.138,0.085,0.087,0.447,0.572,0.082,0.086
5.82,0.085,0.084,0.081,0.232,0.227,0.262,0.192,0.142,0.204,0.158,0.179,0.172,0.16,0.191,0.198,0.257,0.214,0.227,0.13,0.139,0.171,0.201,0.166,0.161,0.164,0.259,0.167,0.171,0.13,0.14,0.088,0.094,0.599,0.577,0.085,0.086
5.94,0.081,0.086,0.079,0.234,0.237,0.257,0.189,0.161,0.254,0.155,0.169,0.163,0.166,0.195,0.303,0.256,0.18,0.226,0.129,0.137,0.138,0.198,0.164,0.162,0.164,0.267,0.168,0.165,0.141,0.151,0.088,0.09,0.084,0.64,0.088,0.092
6.06,0.083,0.083,0.082,0.236,0.226,0.253,0.195,0.143,0.216,0.172,0.184,0.182,0.168,0.199,0.249,0.26,0.238,0.233,0.135,0.148,0.155,0.212,0.177,0.167,0.168,0.273,0.184,0.176,0.134,0.143,0.09,0.103,0.543,0.661,0.085,0.087
6.18,0.083,0.083,0.078,0.238,0.248,0.306,0.197,0.151,0.274,0.169,0.191,0.187,0.172,0.201,0.306,0.262,0.286,0.233,0.135,0.143,0.153,0.208,0.177,0.17,0.17,0.276,0.176,0.172,0.132,0.143,0.09,0.088,0.084,0.631,0.088,0.089
6.3,0.085,0.084,0.08,0.241,0.249,0.29,0.212,0.145,0.237,0.175,0.187,0.182,0.187,0.202,0.21,0.266,0.232,0.234,0.142,0.142,0.145,0.215,0.175,0.17,0.171,0.28,0.173,0.166,0.135,0.144,0.087,0.089,0.18,0.618,0.094,0.089
6.42,0.084,0.083,0.081,0.256,0.227,0.286,0.197,0.147,0.256,0.16,0.174,0.174,0.153,0.187,0.193,0.251,0.195,0.222,0.136,0.134,0.131,0.211,0.163,0.161,0.152,0.264,0.198,0.158,0.126,0.141,0.095,0.086,0.309,0.508,0.083,0.086
6.54,0.083,0.081,0.079,0.252,0.25,0.297,0.208,0.136,0.262,0.184,0.202,0.193,0.175,0.211,0.217,0.272,0.266,0.238,0.143,0.146,0.143,0.226,0.18,0.175,0.175,0.28,0.292,0.209,0.136,0.146,0.091,0.088,0.087,0.598,0.085,0.087
6.66,0.084,0.084,0.081,0.305,0.287,0.328,0.232,0.159,0.301,0.17,0.193,0.186,0.157,0.188,0.311,0.256,0.162,0.223,0.135,0.134,0.133,0.208,0.17,0.162,0.157,0.279,0.165,0.154,0.128,0.141,0.089,0.087,0.088,0.473,0.085,0.089
6.78,0.084,0.089,0.078,0.329,0.308,0.369,0.25,0.156,0.327,0.185,0.208,0.196,0.18,0.218,0.221,0.274,0.238,0.243,0.146,0.147,0.147,0.232,0.188,0.182,0.181,0.304,0.227,0.195,0.209,0.147,0.128,0.088,0.087,0.526,0.084,0.088
6.9,0.082,0.082,0.078,0.337,0.304,0.376,0.242,0.155,0.335,0.191,0.214,0.203,0.18,0.222,0.227,0.276,0.243,0.243,0.146,0.154,0.145,0.233,0.191,0.185,0.18,0.3,0.185,0.179,0.137,0.147,0.09,0.089,0.088,0.544,0.083,0.085
7.01,0.082,0.083,0.078,0.351,0.34,0.393,0.27,0.155,0.346,0.197,0.222,0.208,0.184,0.222,0.232,0.279,0.252,0.245,0.147,0.147,0.145,0.232,0.198,0.186,0.187,0.302,0.196,0.223,0.146,0.149,0.088,0.088,0.09,0.689,0.084,0.09
7.13,0.082,0.082,0.078,0.37,0.361,0.399,0.268,0.172,0.363,0.205,0.23,0.211,0.185,0.225,0.239,0.285,0.201,0.248,0.162,0.154,0.148,0.24,0.203,0.188,0.187,0.312,0.218,0.231,0.141,0.15,0.087,0.118,0.096,0.554,0.085,0.085
7.25,0.085,0.085,0.082,0.376,0.337,0.391,0.279,0.187,0.347,0.186,0.216,0.206,0.168,0.22,0.292,0.274,0.167,0.238,0.139,0.141,0.142,0.23,0.184,0.178,0.166,0.306,0.177,0.161,0.134,0.148,0.089,0.088,0.085,0.562,0.087,0.092
7.37,0.082,0.083,0.077,0.386,0.398,0.416,0.29,0.171,0.371,0.218,0.242,0.225,0.188,0.233,0.253,0.291,0.232,0.25,0.15,0.153,0.15,0.248,0.204,0.202,0.189,0.324,0.224,0.194,0.139,0.151,0.087,0.088,0.083,0.584,0.087,0.089
7.49,0.085,0.084,0.082,0.39,0.371,0.46,0.296,0.172,0.392,0.218,0.235,0.235,0.191,0.239,0.253,0.296,0.196,0.256,0.139,0.153,0.15,0.253,0.204,0.196,0.196,0.334,0.195,0.191,0.156,0.156,0.095,0.086,0.085,0.505,0.088,0.09
7.61,0.083,0.081,0.079,0.4,0.39,0.455,0.313,0.182,0.391,0.233,0.262,0.246,0.197,0.243,0.257,0.299,0.192,0.256,0.143,0.152,0.148,0.253,0.209,0.197,0.196,0.334,0.193,0.175,0.143,0.156,0.09,0.1,0.092,0.757,0.087,0.089
7.73,0.085,0.086,0.082,0.412,0.371,0.472,0.307,0.189,0.401,0.219,0.249,0.235,0.174,0.224,0.243,0.286,0.224,0.243,0.13,0.142,0.143,0.244,0.196,0.192,0.176,0.32,0.205,0.166,0.14,0.167,0.092,0.088,0.084,0.323,0.086,0.087
7.85,0.083,0.084,0.08,0.42,0.414,0.481,0.34,0.193,0.439,0.224,0.267,0.254,0.18,0.232,0.248,0.291,0.174,0.245,0.145,0.142,0.144,0.249,0.197,0.192,0.178,0.329,0.186,0.169,0.135,0.152,0.087,0.086,0.082,0.391,0.087,0.089
7.97,0.082,0.083,0.079,0.446,0.439,0.496,0.343,0.19,0.456,0.257,0.281,0.27,0.202,0.257,0.276,0.301,0.197,0.265,0.147,0.156,0.153,0.269,0.22,0.212,0.205,0.346,0.223,0.184,0.145,0.158,0.088,0.086,0.172,0.551,0.086,0.086
8.08,0.084,0.09,0.081,0.437,0.453,0.542,0.344,0.191,0.479,0.255,0.297,0.278,0.207,0.26,0.283,0.305,0.2,0.266,0.153,0.157,0.155,0.274,0.222,0.212,0.206,0.358,0.207,0.184,0.146,0.156,0.09,0.087,0.081,0.57,0.088,0.09
8.2,0.081,0.081,0.077,0.486,0.497,0.55,0.367,0.201,0.486,0.265,0.305,0.281,0.21,0.266,0.299,0.304,0.204,0.266,0.15,0.153,0.152,0.281,0.228,0.222,0.204,0.366,0.221,0.186,0.175,0.157,0.088,0.086,0.406,0.522,0.086,0.085
8.32,0.082,0.083,0.079,0.479,0.476,0.578,0.381,0.199,0.493,0.284,0.318,0.293,0.22,0.272,0.296,0.315,0.202,0.272,0.134,0.159,0.156,0.281,0.229,0.222,0.212,0.374,0.209,0.184,0.148,0.161,0.092,0.088,0.083,0.836,0.086,0.091
8.44,0.083,0.086,0.08,0.485,0.505,0.568,0.375,0.213,0.514,0.283,0.335,0.304,0.221,0.274,0.312,0.319,0.205,0.276,0.133,0.158,0.157,0.284,0.236,0.226,0.21,0.374,0.23,0.221,0.15,0.159,0.144,0.162,0.082,0.515,0.086,0.087
8.56,0.084,0.082,0.081,0.527,0.539,0.55,0.394,0.213,0.532,0.294,0.35,0.319,0.224,0.284,0.317,0.329,0.206,0.277,0.137,0.16,0.159,0.288,0.238,0.235,0.218,0.389,0.235,0.187,0.181,0.171,0.125,0.088,0.083,0.848,0.087,0.102
8.68,0.082,0.082,0.077,0.566,0.554,0.63,0.409,0.237,0.506,0.296,0.341,0.313,0.227,0.285,0.313,0.33,0.205,0.276,0.126,0.158,0.158,0.29,0.237,0.232,0.22,0.386,0.216,0.19,0.149,0.158,0.088,0.086,0.082,0.822,0.086,0.088
8.8,0.085,0.084,0.081,0.58,0.602,0.542,0.42,0.228,0.54,0.296,0.344,0.322,0.213,0.262,0.313,0.327,0.185,0.265,0.118,0.149,0.156,0.284,0.226,0.221,0.206,0.385,0.216,0.177,0.144,0.158,0.089,0.085,0.096,0.488,0.084,0.088
8.92,0.082,0.083,0.078,0.592,0.557,0.655,0.414,0.241,0.585,0.323,0.368,0.346,0.241,0.302,0.34,0.341,0.209,0.281,0.102,0.172,0.159,0.302,0.251,0.247,0.228,0.414,0.223,0.191,0.196,0.162,0.091,0.087,0.084,0.602,0.086,0.088
9.04,0.081,0.081,0.079,0.592,0.617,0.662,0.433,0.263,0.603,0.325,0.389,0.348,0.245,0.304,0.359,0.349,0.209,0.282,0.1,0.161,0.161,0.302,0.252,0.247,0.234,0.428,0.229,0.194,0.152,0.208,0.145,0.085,0.083,0.53,0.085,0.086
9.16,0.083,0.082,0.078,0.588,0.604,0.672,0.447,0.266,0.622,0.343,0.422,0.365,0.254,0.311,0.341,0.354,0.21,0.284,0.104,0.165,0.16,0.301,0.254,0.249,0.239,0.43,0.232,0.193,0.163,0.166,0.087,0.085,0.079,0.526,0.082,0.081
9.27,0.084,0.083,0.08,0.723,0.709,0.682,0.53,0.319,0.612,0.35,0.42,0.404,0.261,0.316,0.356,0.371,0.213,0.286,0.152,0.164,0.164,0.311,0.263,0.259,0.246,0.449,0.235,0.201,0.156,0.164,0.09,0.088,0.16,0.55,0.088,0.091
9.39,0.083,0.088,0.077,0.632,0.693,0.729,0.534,0.31,0.688,0.358,0.417,0.388,0.283,0.318,0.367,0.371,0.216,0.289,0.097,0.166,0.161,0.314,0.264,0.267,0.248,0.45,0.234,0.202,0.172,0.164,0.122,0.09,0.082,0.878,0.092,0.087
9.51,0.082,0.081,0.079,0.608,0.587,0.716,0.471,0.292,0.707,0.385,0.44,0.406,0.281,0.323,0.374,0.39,0.215,0.292,0.106,0.166,0.162,0.315,0.267,0.271,0.253,0.46,0.237,0.201,0.155,0.172,0.184,0.1,0.084,0.239,0.086,0.088
9.63,0.083,0.083,0.079,0.686,0.598,0.751,0.488,0.328,0.729,0.382,0.456,0.418,0.283,0.327,0.384,0.392,0.216,0.292,0.112,0.167,0.166,0.324,0.274,0.265,0.264,0.476,0.244,0.206,0.155,0.166,0.093,0.088,0.085,0.234,0.085,0.09
9.75,0.086,0.085,0.081,0.728,0.676,0.712,0.545,0.339,0.706,0.384,0.475,0.42,0.271,0.33,0.382,0.391,0.198,0.283,0.113,0.156,0.152,0.32,0.261,0.267,0.256,0.48,0.229,0.189,0.182,0.162,0.098,0.089,0.086,0.329,0.086,0.09
9.87,0.085,0.086,0.082,0.7,0.659,0.761,0.536,0.354,0.73,0.403,0.512,0.441,0.285,0.331,0.388,0.394,0.199,0.286,0.116,0.157,0.153,0.324,0.264,0.274,0.252,0.485,0.234,0.191,0.233,0.164,0.102,0.089,0.084,0.259,0.087,0.101
9.99,0.084,0.087,0.079,0.728,0.726,0.837,0.56,0.398,0.795,0.412,0.511,0.45,0.308,0.355,0.412,0.429,0.226,0.302,0.127,0.17,0.166,0.341,0.29,0.295,0.284,0.506,0.252,0.211,0.161,0.168,0.09,0.09,0.083,0.09,0.085,0.088
10.11,0.083,0.085,0.077,0.757,0.737,0.918,0.617,0.385,0.838,0.437,0.553,0.483,0.332,0.367,0.42,0.438,0.227,0.302,0.115,0.17,0.166,0.342,0.298,0.299,0.282,0.532,0.253,0.212,0.161,0.167,0.136,0.087,0.082,0.095,0.084,0.088
10.23,0.084,0.083,0.078,0.786,0.768,0.918,0.614,0.389,0.83,0.442,0.581,0.476,0.332,0.375,0.446,0.435,0.228,0.3,0.122,0.174,0.167,0.346,0.296,0.301,0.303,0.552,0.254,0.212,0.191,0.169,0.089,0.09,0.084,0.088,0.086,0.086
10.34,0.082,0.086,0.079,0.838,0.818,0.848,0.653,0.402,0.868,0.485,0.587,0.516,0.347,0.38,0.462,0.466,0.231,0.305,0.108,0.172,0.17,0.358,0.306,0.315,0.303,0.574,0.263,0.215,0.163,0.173,0.089,0.09,0.087,0.086,0.087,0.09
10.46,0.082,0.08,0.079,0.861,0.832,0.929,0.67,0.414,0.882,0.487,0.605,0.517,0.358,0.389,0.477,0.465,0.231,0.306,0.115,0.172,0.169,0.368,0.313,0.323,0.308,0.594,0.264,0.218,0.164,0.171,0.087,0.087,0.089,0.084,0.087,0.088
10.58,0.083,0.083,0.079,0.864,0.842,0.919,0.708,0.427,0.911,0.508,0.632,0.553,0.366,0.404,0.494,0.493,0.233,0.312,0.122,0.175,0.172,0.371,0.315,0.321,0.314,0.595,0.269,0.219,0.162,0.173,0.091,0.089,0.084,0.085,0.088,0.089
10.7,0.082,0.084,0.078,0.904,0.853,0.972,0.704,0.46,0.919,0.531,0.663,0.586,0.365,0.41,0.517,0.49,0.233,0.316,0.13,0.175,0.169,0.381,0.313,0.326,0.32,0.625,0.274,0.223,0.246,0.192,0.155,0.092,0.111,0.106,0.086,0.089
10.82,0.084,0.084,0.08,0.942,0.893,0.935,0.734,0.443,0.942,0.544,0.674,0.6,0.379,0.42,0.527,0.514,0.239,0.32,0.135,0.179,0.176,0.39,0.322,0.334,0.338,0.636,0.28,0.23,0.167,0.177,0.184,0.096,0.086,0.094,0.089,0.091
10.94,0.081,0.084,0.079,0.954,0.904,1.083,0.772,0.478,0.977,0.567,0.702,0.63,0.39,0.433,0.558,0.518,0.239,0.321,0.146,0.18,0.175,0.412,0.322,0.33,0.363,0.66,0.281,0.227,0.17,0.176,0.095,0.092,0.085,0.083,0.087,0.114
11.06,0.083,0.082,0.079,0.904,0.914,1.024,0.789,0.499,0.996,0.58,0.685,0.621,0.41,0.442,0.575,0.553,0.242,0.33,0.135,0.18,0.175,0.407,0.322,0.342,0.338,0.676,0.285,0.233,0.171,0.177,0.1,0.092,0.084,0.085,0.088,0.088
11.18,0.082,0.082,0.078,0.961,0.961,1.183,0.786,0.52,0.992,0.587,0.713,0.628,0.404,0.448,0.584,0.541,0.246,0.333,0.13,0.18,0.176,0.413,0.332,0.35,0.349,0.676,0.285,0.235,0.17,0.178,0.177,0.102,0.086,0.102,0.088,0.088
11.3,0.083,0.083,0.079,1.013,1.007,1.197,0.823,0.525,1.041,0.629,0.753,0.638,0.448,0.474,0.588,0.569,0.249,0.335,0.127,0.182,0.181,0.431,0.342,0.358,0.361,0.702,0.292,0.239,0.172,0.178,0.098,0.098,0.084,0.087,0.089,0.088
11.42,0.081,0.081,0.078,1.061,1.011,1.24,0.84,0.541,1.048,0.639,0.774,0.706,0.444,0.481,0.613,0.581,0.25,0.339,0.136,0.182,0.179,0.441,0.345,0.365,0.365,0.714,0.294,0.236,0.173,0.178,0.099,0.092,0.084,0.088,0.088,0.088
11.53,0.083,0.089,0.079,1.087,1.034,1.241,0.864,0.576,1.08,0.636,0.767,0.723,0.453,0.502,0.629,0.599,0.254,0.339,0.149,0.184,0.18,0.456,0.352,0.375,0.375,0.737,0.3,0.243,0.175,0.185,0.093,0.093,0.087,0.086,0.09,0.09
11.65,0.085,0.087,0.082,1.069,0.993,1.278,0.874,0.559,1.071,0.661,0.809,0.728,0.458,0.49,0.62,0.586,0.24,0.337,0.158,0.169,0.168,0.456,0.355,0.366,0.369,0.726,0.295,0.228,0.164,0.179,0.095,0.097,0.088,0.089,0.088,0.091
11.77,0.084,0.083,0.08,1.104,1.068,1.15,0.904,0.611,1.116,0.685,0.843,0.77,0.482,0.534,0.669,0.634,0.262,0.35,0.174,0.192,0.185,0.498,0.378,0.397,0.398,0.758,0.312,0.247,0.177,0.184,0.095,0.095,0.096,0.092,0.086,0.089
11.89,0.082,0.083,0.078,1.136,1.112,1.221,0.952,0.665,1.163,0.705,0.845,0.78,0.502,0.541,0.697,0.657,0.264,0.363,0.147,0.188,0.184,0.496,0.388,0.403,0.408,0.791,0.32,0.249,0.181,0.224,0.091,0.096,0.085,0.087,0.087,0.089
12.01,0.085,0.082,0.08,1.106,1.102,1.311,0.922,0.61,1.132,0.714,0.85,0.794,0.52,0.54,0.691,0.645,0.244,0.356,0.156,0.173,0.169,0.494,0.384,0.398,0.411,0.79,0.309,0.237,0.167,0.183,0.089,0.097,0.084,0.086,0.087,0.089
12.13,0.082,0.081,0.079,1.112,1.067,1.385,0.907,0.68,1.169,0.751,0.88,0.813,0.573,0.573,0.732,0.694,0.27,0.374,0.172,0.194,0.187,0.512,0.396,0.429,0.411,0.812,0.325,0.254,0.183,0.188,0.091,0.099,0.086,0.086,0.088,0.087
12.25,0.082,0.081,0.079,1.201,1.173,1.295,1.004,0.691,1.202,0.786,0.913,0.842,0.57,0.602,0.757,0.699,0.271,0.386,0.201,0.197,0.192,0.53,0.405,0.434,0.455,0.853,0.333,0.255,0.184,0.188,0.091,0.095,0.086,0.086,0.121,0.093
12.37,0.082,0.089,0.08,1.21,1.198,1.396,1.036,0.724,1.229,0.81,0.92,0.859,0.586,0.617,0.776,0.727,0.275,0.389,0.215,0.197,0.193,0.554,0.416,0.446,0.451,0.867,0.332,0.258,0.186,0.19,0.089,0.093,0.084,0.086,0.088,0.09
12.49,0.083,0.083,0.08,1.188,1.192,1.472,1.051,0.759,1.244,0.833,0.959,0.891,0.605,0.636,0.794,0.739,0.277,0.411,0.167,0.202,0.198,0.555,0.414,0.462,0.461,0.874,0.342,0.264,0.188,0.193,0.093,0.095,0.087,0.086,0.09,0.091
12.61,0.082,0.081,0.078,1.175,1.177,1.437,1.063,0.787,1.27,0.848,0.97,0.904,0.619,0.654,0.831,0.771,0.278,0.417,0.19,0.203,0.198,0.571,0.437,0.484,0.464,0.874,0.342,0.264,0.186,0.194,0.091,0.095,0.085,0.085,0.09,0.094
12.72,0.082,0.081,0.078,1.235,1.217,1.441,1.08,0.772,1.277,0.837,0.963,0.911,0.644,0.687,0.855,0.774,0.282,0.432,0.238,0.203,0.199,0.598,0.444,0.476,0.516,0.92,0.354,0.266,0.19,0.196,0.09,0.095,0.084,0.099,0.087,0.09
12.84,0.083,0.084,0.078,1.258,1.242,1.477,1.079,0.781,1.27,0.864,0.994,0.957,0.663,0.678,0.829,0.758,0.271,0.413,0.188,0.185,0.179,0.602,0.448,0.477,0.502,0.895,0.344,0.256,0.176,0.19,0.088,0.103,0.088,0.085,0.089,0.089
12.96,0.083,0.084,0.079,1.319,1.312,1.458,1.135,0.823,1.31,0.89,0.998,0.966,0.714,0.723,0.884,0.805,0.294,0.43,0.218,0.212,0.204,0.634,0.477,0.516,0.544,0.945,0.359,0.277,0.195,0.199,0.091,0.096,0.09,0.086,0.091,0.091
13.08,0.084,0.084,0.081,1.282,1.2,1.562,1.091,0.858,1.338,0.924,1.036,0.979,0.687,0.719,0.913,0.817,0.3,0.454,0.187,0.214,0.202,0.631,0.479,0.532,0.507,0.957,0.375,0.282,0.201,0.204,0.094,0.096,0.087,0.087,0.092,0.092
13.2,0.082,0.081,0.079,1.274,1.276,1.558,1.173,0.902,1.342,0.955,1.074,1.015,0.738,0.77,0.946,0.868,0.302,0.46,0.221,0.214,0.206,0.648,0.486,0.543,0.563,0.969,0.38,0.285,0.2,0.202,0.233,0.107,0.085,0.088,0.091,0.091
13.32,0.085,0.092,0.08,1.32,1.343,1.514,1.164,0.865,1.321,0.945,1.075,1.006,0.739,0.755,0.915,0.837,0.29,0.453,0.242,0.196,0.189,0.649,0.499,0.545,0.579,0.954,0.378,0.274,0.187,0.202,0.092,0.098,0.09,0.091,0.093,0.093
13.44,0.082,0.083,0.078,1.41,1.48,1.542,1.22,0.911,1.334,0.948,1.081,1.036,0.808,0.806,0.964,0.876,0.308,0.485,0.286,0.221,0.215,0.699,0.532,0.567,0.633,1.017,0.398,0.288,0.204,0.209,0.092,0.096,0.088,0.096,0.096,0.092
13.56,0.083,0.086,0.079,1.372,1.468,1.566,1.216,0.946,1.339,0.995,1.128,1.073,0.833,0.815,0.978,0.905,0.322,0.504,0.317,0.224,0.212,0.691,0.534,0.598,0.593,1.004,0.414,0.298,0.207,0.209,0.091,0.097,0.087,0.089,0.093,0.094
13.68,0.083,0.086,0.079,1.372,1.453,1.484,1.258,0.938,1.336,0.966,1.102,1.061,0.846,0.876,1.008,0.921,0.316,0.519,0.328,0.231,0.215,0.723,0.554,0.609,0.672,1.038,0.42,0.297,0.205,0.212,0.092,0.098,0.09,0.091,0.093,0.093
13.8,0.085,0.086,0.081,1.3,1.468,1.568,1.253,0.963,1.328,1.016,1.151,1.114,0.827,0.851,0.998,0.905,0.313,0.517,0.338,0.21,0.2,0.702,0.548,0.629,0.63,1.011,0.412,0.3,0.195,0.21,0.092,0.097,0.09,0.091,0.094,0.099
13.91,0.084,0.083,0.079,1.39,1.491,1.534,1.256,0.994,1.332,1.03,1.135,1.112,0.858,0.883,1.002,0.9,0.316,0.533,0.382,0.217,0.203,0.738,0.563,0.622,0.686,1.035,0.421,0.303,0.192,0.208,0.09,0.102,0.091,0.098,0.104,0.095
14.03,0.082,0.081,0.079,1.36,1.389,1.572,1.309,1.036,1.333,1.073,1.179,1.166,0.893,0.914,1.072,0.968,0.332,0.566,0.293,0.239,0.224,0.768,0.585,0.681,0.692,1.055,0.454,0.321,0.215,0.216,0.094,0.097,0.087,0.098,0.094,0.094
14.15,0.084,0.082,0.08,1.498,1.54,1.549,1.319,1.058,1.342,1.093,1.207,1.177,0.944,0.949,1.074,0.983,0.349,0.578,0.312,0.245,0.228,0.779,0.628,0.69,0.742,1.082,0.482,0.325,0.219,0.219,0.092,0.098,0.09,0.093,0.097,0.094
14.27,0.082,0.082,0.078,1.385,1.365,1.461,1.304,1.078,1.335,1.116,1.226,1.205,0.957,0.989,1.114,1.006,0.354,0.591,0.362,0.246,0.231,0.79,0.633,0.706,0.753,1.103,0.476,0.336,0.22,0.224,0.093,0.097,0.088,0.092,0.129,0.094
14.39,0.082,0.083,0.078,1.355,1.507,1.53,1.27,1.077,1.353,1.119,1.238,1.217,0.98,0.979,1.16,1.005,0.351,0.621,0.408,0.249,0.229,0.827,0.641,0.728,0.712,1.105,0.504,0.336,0.219,0.226,0.092,0.097,0.091,0.092,0.097,0.094
14.51,0.083,0.082,0.078,1.363,1.341,1.54,1.274,1.118,1.354,1.15,1.262,1.238,0.969,0.982,1.266,0.997,0.36,0.622,0.414,0.252,0.234,0.83,0.667,0.736,0.75,1.12,0.525,0.34,0.224,0.228,0.095,0.097,0.092,0.095,0.097,0.095
14.63,0.083,0.084,0.078,1.413,1.51,1.534,1.305,1.127,1.345,1.139,1.209,1.2,1.032,1.035,1.289,1.043,0.361,0.633,0.447,0.26,0.242,0.872,0.705,0.743,0.833,1.176,0.532,0.344,0.227,0.229,0.094,0.102,0.089,0.094,0.098,0.092
14.75,0.082,0.082,0.078,1.435,1.404,1.514,1.274,1.164,1.362,1.188,1.26,1.268,1.009,1.03,1.216,1.06,0.377,0.661,0.48,0.259,0.243,0.87,0.708,0.786,0.781,1.152,0.558,0.353,0.231,0.234,0.094,0.106,0.09,0.099,0.1,0.099
14.87,0.082,0.082,0.077,1.375,1.487,1.508,1.312,1.194,1.36,1.211,1.249,1.296,1.062,1.071,1.307,1.082,0.384,0.68,0.362,0.266,0.253,0.906,0.732,0.816,0.851,1.33,0.562,0.358,0.23,0.234,0.094,0.098,0.09,0.099,0.1,0.092
14.99,0.081,0.082,0.08,1.337,1.348,1.376,1.277,1.195,1.319,1.189,1.224,1.269,1.049,1.082,1.248,1.05,0.381,0.679,0.408,0.267,0.251,0.878,0.696,0.766,0.895,1.296,0.556,0.367,0.235,0.236,0.096,0.099,0.091,0.099,0.102,0.096
15.1,0.084,0.083,0.079,1.388,1.38,1.461,1.304,1.241,1.366,1.194,1.208,1.25,1.107,1.115,1.351,1.077,0.403,0.721,0.448,0.28,0.258,0.932,0.762,0.819,0.921,1.357,0.594,0.37,0.237,0.24,0.093,0.11,0.092,0.101,0.104,0.096
15.22,0.085,0.084,0.082,1.339,1.51,1.524,1.293,1.209,1.318,1.217,1.212,1.26,1.088,1.089,1.383,1.082,0.4,0.688,0.322,0.257,0.248,0.924,0.757,0.821,0.888,1.374,0.579,0.368,0.224,0.235,0.093,0.107,0.094,0.1,0.105,0.097
15.34,0.082,0.085,0.079,1.378,1.51,1.474,1.249,1.231,1.353,1.238,1.22,1.278,1.156,1.132,1.459,1.218,0.432,0.762,0.481,0.283,0.266,0.97,0.791,0.863,0.884,1.399,0.679,0.393,0.249,0.246,0.095,0.103,0.092,0.101,0.106,0.096
15.46,0.086,0.084,0.08,1.35,1.359,1.45,1.275,1.271,1.33,1.235,1.215,1.27,1.143,1.16,1.366,1.106,0.419,0.736,0.414,0.271,0.261,0.961,0.782,0.831,0.948,1.382,0.63,0.384,0.23,0.241,0.098,0.115,0.094,0.104,0.106,0.096
15.58,0.082,0.083,0.079,1.366,1.373,1.543,1.302,1.282,1.37,1.265,1.225,1.269,1.158,1.179,1.476,1.255,0.451,0.787,0.45,0.293,0.28,0.998,0.823,0.897,0.954,1.487,0.698,0.412,0.256,0.25,0.095,0.104,0.094,0.104,0.108,0.095
15.7,0.085,0.087,0.081,1.36,1.455,1.513,1.273,1.265,1.322,1.235,1.211,1.251,1.149,1.263,1.49,1.314,0.44,0.774,0.429,0.281,0.274,0.978,0.826,0.898,0.954,1.448,0.669,0.406,0.241,0.247,0.095,0.111,0.096,0.105,0.11,0.098
15.82,0.086,0.083,0.08,1.356,1.451,1.456,1.27,1.266,1.328,1.228,1.202,1.25,1.18,1.3,1.471,1.329,0.447,0.775,0.448,0.287,0.282,0.988,0.836,0.908,0.976,1.441,0.701,0.432,0.25,0.248,0.095,0.109,0.096,0.104,0.111,0.101
15.94,0.085,0.085,0.08,1.344,1.35,1.467,1.251,1.258,1.318,1.225,1.198,1.234,1.195,1.299,1.482,1.342,0.473,0.795,0.438,0.291,0.29,1.031,0.895,0.939,1.005,1.429,0.73,0.434,0.253,0.249,0.095,0.107,0.095,0.107,0.122,0.098
16.06,0.083,0.082,0.079,1.383,1.516,1.483,1.301,1.287,1.361,1.267,1.234,1.264,1.204,1.276,1.571,1.4,0.502,0.865,0.501,0.316,0.308,1.055,0.901,0.962,1,1.459,0.778,0.459,0.27,0.26,0.096,0.109,0.095,0.111,0.115,0.098
16.18,0.085,0.086,0.082,1.36,1.355,1.486,1.255,1.249,1.318,1.204,1.199,1.241,1.204,1.392,1.498,1.376,0.499,0.842,0.48,0.306,0.304,1.036,0.89,0.954,1.037,1.418,0.755,0.443,0.262,0.252,0.096,0.106,0.096,0.11,0.114,0.098
16.29,0.083,0.082,0.081,1.342,1.382,1.436,1.289,1.256,1.335,1.206,1.2,1.204,1.208,1.384,1.433,1.282,0.512,0.874,0.534,0.327,0.327,1.05,0.891,0.958,1.056,1.382,0.776,0.468,0.281,0.265,0.098,0.11,0.099,0.113,0.121,0.103
16.41,0.082,0.083,0.078,1.468,1.484,1.49,1.293,1.282,1.354,1.245,1.226,1.269,1.302,1.438,1.556,1.412,0.565,0.904,0.469,0.329,0.325,1.098,0.949,1.007,1.04,1.464,0.845,0.487,0.276,0.262,0.096,0.103,0.094,0.115,0.116,0.1
16.53,0.084,0.086,0.08,1.331,1.471,1.502,1.286,1.27,1.343,1.207,1.195,1.248,1.334,1.473,1.585,1.489,0.563,0.903,0.518,0.328,0.322,1.219,0.969,0.993,1.063,1.498,0.843,0.497,0.267,0.256,0.102,0.109,0.101,0.111,0.118,0.101
16.65,0.084,0.085,0.082,1.352,1.427,1.459,1.273,1.258,1.338,1.229,1.217,1.246,1.326,1.469,1.544,1.452,0.568,0.929,0.579,0.337,0.328,1.107,0.946,1.02,1.07,1.359,0.838,0.508,0.274,0.26,0.098,0.109,0.097,0.114,0.116,0.105
16.77,0.083,0.081,0.078,1.392,1.429,1.489,1.299,1.283,1.361,1.214,1.188,1.22,1.38,1.488,1.545,1.472,0.604,0.964,0.627,0.367,0.343,1.136,0.973,1.056,1.139,1.396,0.895,0.531,0.286,0.272,0.105,0.109,0.095,0.117,0.119,0.11
16.89,0.082,0.081,0.078,1.376,1.383,1.492,1.316,1.312,1.369,1.203,1.178,1.201,1.339,1.527,1.51,1.452,0.617,0.995,0.691,0.379,0.351,1.179,1.026,1.067,1.157,1.415,0.926,0.549,0.295,0.279,0.102,0.109,0.098,0.117,0.121,0.104
17.01,0.084,0.084,0.08,1.381,1.378,1.47,1.292,1.278,1.36,1.225,1.206,1.237,1.297,1.527,1.566,1.472,0.643,1.01,0.708,0.385,0.363,1.238,1.03,1.09,1.154,1.396,0.931,0.589,0.298,0.285,0.106,0.11,0.102,0.121,0.124,0.106
17.13,0.082,0.082,0.08,1.432,1.442,1.512,1.417,1.279,1.372,1.229,1.204,1.254,1.334,1.596,1.581,1.529,0.686,1.177,0.704,0.387,0.365,1.353,1.071,1.116,1.195,1.481,0.954,0.592,0.309,0.29,0.106,0.111,0.102,0.121,0.129,0.106
17.25,0.083,0.083,0.08,1.381,1.457,1.516,1.296,1.282,1.37,1.231,1.192,1.217,1.39,1.574,1.546,1.476,0.696,1.193,0.748,0.404,0.384,1.238,1.067,1.129,1.203,1.435,0.981,0.615,0.314,0.294,0.104,0.116,0.102,0.12,0.124,0.104
17.37,0.085,0.084,0.08,1.296,1.44,1.466,1.266,1.262,1.327,1.235,1.212,1.255,1.278,1.537,1.542,1.478,0.688,1.01,0.757,0.398,0.379,1.318,1.061,1.14,1.131,1.438,0.95,0.612,0.303,0.289,0.103,0.114,0.106,0.273,0.122,0.104
17.48,0.083,0.082,0.079,1.404,1.47,1.537,1.318,1.299,1.372,1.233,1.219,1.245,1.344,1.585,1.573,1.508,0.748,1.21,0.814,0.428,0.407,1.393,1.131,1.159,1.186,1.465,1.009,0.652,0.319,0.296,0.107,0.113,0.101,0.124,0.128,0.104
17.6,0.084,0.086,0.08,1.346,1.443,1.523,1.264,1.259,1.33,1.193,1.191,1.214,1.37,1.518,1.469,1.397,0.702,1.221,0.809,0.43,0.395,1.285,1.077,1.164,1.218,1.413,0.993,0.627,0.32,0.293,0.101,0.124,0.104,0.12,0.123,0.104
17.72,0.084,0.084,0.081,1.332,1.439,1.474,1.263,1.267,1.334,1.23,1.225,1.245,1.233,1.573,1.573,1.469,0.74,1.189,0.824,0.442,0.41,1.405,1.096,1.187,1.178,1.401,1.018,0.672,0.328,0.296,0.103,0.119,0.103,0.124,0.125,0.104
17.84,0.083,0.082,0.079,1.359,1.492,1.53,1.325,1.302,1.373,1.223,1.212,1.247,1.257,1.553,1.587,1.516,0.8,1.293,0.879,0.485,0.438,1.415,1.169,1.209,1.27,1.471,1.14,0.701,0.346,0.315,0.117,0.119,0.106,0.13,0.127,0.106
17.96,0.084,0.085,0.079,1.412,1.47,1.497,1.316,1.29,1.364,1.231,1.223,1.233,1.269,1.569,1.579,1.501,0.828,1.295,0.919,0.478,0.447,1.376,1.157,1.227,1.237,1.475,1.155,0.751,0.357,0.321,0.116,0.125,0.107,0.132,0.132,0.108
18.08,0.084,0.085,0.08,1.358,1.39,1.5,1.31,1.297,1.378,1.218,1.199,1.23,1.343,1.577,1.576,1.483,0.83,1.287,0.932,0.509,0.46,1.363,1.164,1.247,1.245,1.474,1.235,0.751,0.359,0.324,0.112,0.13,0.109,0.132,0.136,0.107
18.2,0.084,0.084,0.081,1.349,1.415,1.503,1.277,1.272,1.339,1.216,1.194,1.228,1.34,1.527,1.534,1.417,0.819,1.313,0.913,0.488,0.463,1.307,1.167,1.226,1.236,1.411,1.291,0.738,0.356,0.32,0.114,0.126,0.109,0.13,0.128,0.108
18.32,0.083,0.082,0.079,1.36,1.447,1.492,1.318,1.289,1.365,1.202,1.194,1.202,1.269,1.481,1.5,1.427,0.849,1.318,0.932,0.518,0.488,1.271,1.223,1.244,1.254,1.438,1.264,0.769,0.381,0.329,0.116,0.131,0.112,0.133,0.133,0.109
18.44,0.081,0.085,0.079,1.36,1.461,1.499,1.322,1.306,1.367,1.218,1.212,1.232,1.25,1.557,1.587,1.49,0.899,1.359,0.98,0.543,0.506,1.374,1.222,1.249,1.217,1.441,1.336,0.803,0.394,0.339,0.125,0.131,0.111,0.134,0.133,0.12
18.56,0.084,0.084,0.08,1.382,1.448,1.484,1.305,1.288,1.361,1.206,1.175,1.225,1.266,1.486,1.506,1.441,0.901,1.322,1.013,0.554,0.503,1.346,1.237,1.215,1.265,1.434,1.327,0.821,0.396,0.34,0.124,0.126,0.113,0.135,0.136,0.11
18.68,0.082,0.082,0.078,1.364,1.402,1.506,1.309,1.292,1.362,1.195,1.172,1.198,1.242,1.456,1.453,1.409,0.918,1.345,0.99,0.572,0.538,1.236,1.246,1.228,1.227,1.438,1.349,0.827,0.404,0.342,0.12,0.127,0.113,0.135,0.135,0.108
18.79,0.084,0.083,0.08,1.419,1.465,1.52,1.316,1.302,1.367,1.235,1.188,1.217,1.252,1.521,1.561,1.449,0.961,1.356,1.151,0.597,0.536,1.384,1.271,1.234,1.239,1.437,1.381,0.858,0.423,0.35,0.136,0.13,0.115,0.149,0.139,0.113
18.91,0.083,0.084,0.081,1.31,1.462,1.478,1.281,1.263,1.346,1.231,1.199,1.248,1.169,1.5,1.545,1.429,0.923,1.411,1.052,0.589,0.542,1.288,1.254,1.245,1.183,1.453,1.402,0.831,0.415,0.351,0.127,0.137,0.117,0.141,0.136,0.118
19.03,0.082,0.082,0.078,1.362,1.454,1.506,1.314,1.303,1.36,1.22,1.186,1.224,1.229,1.518,1.554,1.449,0.991,1.412,1.178,0.61,0.572,1.313,1.258,1.226,1.21,1.437,1.425,0.869,0.446,0.369,0.142,0.146,0.123,0.144,0.139,0.11
19.15,0.083,0.085,0.079,1.353,1.451,1.478,1.328,1.292,1.363,1.181,1.162,1.16,1.223,1.435,1.438,1.398,0.965,1.367,1.13,0.658,0.597,1.245,1.259,1.202,1.241,1.408,1.394,0.864,0.458,0.388,0.148,0.141,0.129,0.267,0.144,0.115
19.27,0.084,0.082,0.078,1.37,1.454,1.472,1.31,1.3,1.363,1.205,1.172,1.201,1.22,1.477,1.52,1.416,1.012,1.439,1.264,0.644,0.617,1.231,1.252,1.224,1.24,1.415,1.471,0.907,0.46,0.384,0.151,0.144,0.123,0.146,0.144,0.11
19.39,0.083,0.083,0.078,1.354,1.465,1.498,1.338,1.311,1.379,1.21,1.194,1.227,1.23,1.482,1.535,1.422,1.028,1.45,1.266,0.666,0.623,1.348,1.254,1.239,1.21,1.417,1.497,0.924,0.478,0.399,0.167,0.151,0.125,0.149,0.146,0.115
19.51,0.085,0.085,0.081,1.353,1.423,1.488,1.291,1.258,1.355,1.2,1.173,1.187,1.222,1.439,1.515,1.405,0.998,1.427,1.243,0.675,0.628,1.239,1.256,1.214,1.23,1.406,1.471,0.89,0.463,0.395,0.149,0.156,0.132,0.15,0.146,0.116
19.63,0.084,0.084,0.08,1.42,1.436,1.472,1.279,1.273,1.338,1.189,1.187,1.21,1.217,1.481,1.541,1.412,1.036,1.439,1.3,0.664,0.617,1.223,1.231,1.204,1.216,1.418,1.533,0.915,0.475,0.388,0.156,0.161,0.128,0.153,0.144,0.114
19.75,0.084,0.085,0.081,1.426,1.463,1.51,1.311,1.309,1.352,1.218,1.197,1.233,1.196,1.504,1.568,1.484,1.074,1.527,1.355,0.704,0.65,1.364,1.233,1.225,1.179,1.441,1.542,0.94,0.502,0.397,0.166,0.166,0.128,0.151,0.145,0.12
19.87,0.084,0.084,0.08,1.352,1.445,1.479,1.311,1.296,1.359,1.198,1.186,1.2,1.234,1.456,1.489,1.437,1.1,1.43,1.329,0.729,0.69,1.253,1.239,1.203,1.222,1.434,1.506,0.97,0.522,0.437,0.172,0.17,0.13,0.159,0.152,0.121
19.98,0.084,0.084,0.08,1.402,1.429,1.499,1.287,1.286,1.354,1.209,1.184,1.227,1.165,1.512,1.592,1.462,1.077,1.492,1.371,0.719,0.67,1.306,1.222,1.206,1.162,1.488,1.578,0.98,0.524,0.44,0.166,0.172,0.138,0.152,0.148,0.12
20.1,0.082,0.081,0.078,1.436,1.455,1.489,1.326,1.308,1.379,1.205,1.194,1.224,1.222,1.538,1.602,1.47,1.126,1.495,1.413,0.778,0.706,1.246,1.248,1.239,1.194,1.462,1.566,1.024,0.533,0.456,0.185,0.182,0.139,0.161,0.157,0.122
20.22,0.082,0.084,0.08,1.346,1.435,1.48,1.32,1.276,1.358,1.196,1.165,1.167,1.211,1.422,1.472,1.397,1.096,1.407,1.254,0.796,0.721,1.235,1.23,1.185,1.226,1.429,1.498,0.985,0.551,0.472,0.195,0.193,0.15,0.166,0.158,0.127
20.34,0.084,0.084,0.081,1.33,1.457,1.482,1.287,1.281,1.338,1.223,1.212,1.237,1.175,1.488,1.592,1.493,1.191,1.503,1.426,0.785,0.723,1.267,1.228,1.241,1.164,1.448,1.577,0.998,0.571,0.459,0.181,0.192,0.145,0.162,0.156,0.127
20.46,0.086,0.085,0.081,1.345,1.405,1.49,1.301,1.298,1.353,1.206,1.194,1.213,1.171,1.473,1.594,1.447,1.157,1.477,1.439,0.806,0.718,1.264,1.238,1.209,1.162,1.453,1.568,1.16,0.568,0.476,0.187,0.193,0.146,0.093,0.159,0.13
20.58,0.085,0.084,0.08,1.429,1.443,1.477,1.37,1.303,1.365,1.224,1.218,1.225,1.198,1.486,1.593,1.504,1.289,1.463,1.46,0.802,0.742,1.4,1.215,1.233,1.228,1.511,1.6,1.183,0.579,0.484,0.19,0.2,0.15,0.094,0.164,0.128
20.7,0.082,0.082,0.079,1.368,1.458,1.481,1.321,1.304,1.368,1.206,1.195,1.209,1.202,1.497,1.575,1.497,1.327,1.47,1.439,0.849,0.772,1.346,1.247,1.222,1.169,1.483,1.535,1.232,0.647,0.529,0.211,0.207,0.157,0.094,0.167,0.13
20.82,0.083,0.083,0.078,1.343,1.447,1.483,1.328,1.321,1.379,1.2,1.192,1.214,1.223,1.475,1.546,1.465,1.221,1.418,1.4,0.871,0.786,1.246,1.258,1.228,1.211,1.436,1.521,1.126,0.674,0.531,0.218,0.205,0.162,0.093,0.169,0.131
20.94,0.081,0.081,0.079,1.354,1.434,1.489,1.326,1.298,1.374,1.167,1.152,1.156,1.228,1.444,1.499,1.411,1.301,1.412,1.354,0.896,0.811,1.264,1.249,1.199,1.219,1.421,1.476,1.111,0.68,0.561,0.233,0.21,0.174,0.113,0.174,0.134
21.06,0.085,0.085,0.08,1.328,1.351,1.5,1.301,1.292,1.344,1.2,1.189,1.215,1.197,1.463,1.55,1.422,1.31,1.41,1.425,0.867,0.767,1.233,1.231,1.22,1.177,1.436,1.524,1.279,0.654,0.54,0.212,0.204,0.172,0.097,0.175,0.137
21.18,0.085,0.084,0.079,1.333,1.42,1.513,1.306,1.284,1.348,1.186,1.186,1.204,1.196,1.454,1.528,1.413,1.378,1.421,1.379,0.869,0.796,1.254,1.238,1.211,1.188,1.411,1.488,1.267,0.683,0.55,0.22,0.206,0.18,0.172,0.178,0.137
21.29,0.082,0.082,0.078,1.407,1.46,1.499,1.323,1.304,1.376,1.188,1.177,1.199,1.227,1.467,1.539,1.435,1.411,1.431,1.355,0.91,0.846,1.263,1.255,1.203,1.2,1.438,1.484,1.296,0.71,0.584,0.233,0.218,0.188,0.109,0.183,0.142
21.41,0.086,0.086,0.082,1.326,1.46,1.51,1.305,1.292,1.36,1.198,1.19,1.205,1.227,1.466,1.562,1.458,1.407,1.427,1.384,0.899,0.848,1.252,1.241,1.213,1.195,1.453,1.494,1.319,0.721,0.582,0.259,0.236,0.206,0.351,0.186,0.151
21.53,0.083,0.086,0.079,1.434,1.472,1.496,1.321,1.307,1.374,1.223,1.206,1.207,1.212,1.556,1.633,1.54,1.529,1.525,1.513,0.951,0.893,1.45,1.26,1.24,1.177,1.543,1.598,1.419,0.752,0.647,0.261,0.24,0.204,0.121,0.184,0.156
21.65,0.085,0.085,0.08,1.393,1.42,1.486,1.308,1.28,1.367,1.196,1.184,1.184,1.218,1.463,1.531,1.437,1.422,1.416,1.339,0.958,0.88,1.276,1.246,1.208,1.209,1.443,1.502,1.34,0.754,0.628,0.264,0.267,0.209,0.534,0.191,0.154
21.77,0.084,0.081,0.078,1.354,1.436,1.492,1.334,1.312,1.371,1.154,1.166,1.143,1.233,1.443,1.524,1.436,1.438,1.435,1.371,0.99,0.911,1.279,1.269,1.19,1.226,1.445,1.485,1.346,0.811,0.657,0.278,0.255,0.222,0.141,0.199,0.158
21.89,0.084,0.084,0.08,1.402,1.442,1.47,1.317,1.294,1.35,1.21,1.211,1.223,1.202,1.498,1.589,1.497,1.435,1.466,1.443,0.985,0.883,1.241,1.239,1.232,1.168,1.499,1.554,1.419,0.802,0.654,0.269,0.26,0.222,0.122,0.194,0.159
22.01,0.084,0.085,0.081,1.378,1.422,1.468,1.288,1.273,1.355,1.202,1.211,1.202,1.215,1.468,1.57,1.447,1.451,1.428,1.38,0.986,0.904,1.323,1.241,1.234,1.168,1.437,1.497,1.402,0.818,0.653,0.278,0.271,0.233,0.134,0.201,0.168
22.13,0.085,0.085,0.08,1.376,1.432,1.507,1.3,1.294,1.361,1.2,1.186,1.208,1.226,1.477,1.612,1.472,1.493,1.487,1.421,1.032,0.928,1.333,1.24,1.22,1.173,1.479,1.536,1.439,0.82,0.683,0.294,0.281,0.238,0.131,0.201,0.172
22.25,0.083,0.082,0.078,1.415,1.449,1.498,1.33,1.312,1.393,1.213,1.202,1.205,1.207,1.496,1.576,1.51,1.485,1.495,1.443,1.062,0.971,1.266,1.271,1.221,1.148,1.483,1.541,1.456,0.872,0.729,0.304,0.288,0.24,0.128,0.206,0.177
22.37,0.081,0.08,0.078,1.435,1.453,1.512,1.33,1.308,1.384,1.206,1.21,1.199,1.214,1.477,1.603,1.491,1.501,1.493,1.422,1.069,0.985,1.382,1.264,1.228,1.186,1.476,1.556,1.47,0.887,0.736,0.316,0.297,0.256,0.136,0.211,0.171
22.49,0.084,0.084,0.08,1.328,1.443,1.471,1.309,1.29,1.357,1.2,1.194,1.207,1.196,1.446,1.526,1.429,1.397,1.413,1.336,1.035,0.972,1.229,1.237,1.224,1.175,1.425,1.464,1.413,0.879,0.704,0.317,0.3,0.265,0.142,0.206,0.178
22.6,0.083,0.083,0.081,1.378,1.486,1.504,1.35,1.326,1.402,1.215,1.22,1.209,1.224,1.499,1.619,1.531,1.501,1.506,1.459,1.129,1.015,1.266,1.255,1.232,1.161,1.515,1.556,1.49,0.925,0.775,0.355,0.314,0.272,0.145,0.216,0.181
22.72,0.086,0.085,0.081,1.326,1.445,1.48,1.308,1.3,1.37,1.215,1.207,1.198,1.201,1.491,1.621,1.523,1.449,1.498,1.422,1.108,0.981,1.337,1.244,1.228,1.169,1.508,1.595,1.48,0.89,0.747,0.328,0.326,0.273,0.141,0.211,0.188
22.84,0.083,0.083,0.08,1.325,1.357,1.47,1.32,1.276,1.352,1.168,1.168,1.136,1.156,1.416,1.462,1.379,1.223,1.29,1.22,1.081,1.003,1.23,1.212,1.184,1.17,1.367,1.418,1.421,0.874,0.749,0.344,0.342,0.299,0.142,0.218,0.189
22.96,0.083,0.082,0.08,1.417,1.45,1.51,1.344,1.308,1.38,1.186,1.193,1.202,1.241,1.463,1.493,1.46,1.324,1.434,1.359,1.111,1.053,1.285,1.27,1.206,1.224,1.427,1.467,1.417,0.939,0.763,0.367,0.336,0.296,0.151,0.221,0.188
23.08,0.085,0.085,0.081,1.408,1.425,1.484,1.318,1.3,1.366,1.198,1.196,1.191,1.219,1.47,1.56,1.462,1.408,1.427,1.376,1.119,1.036,1.235,1.235,1.216,1.202,1.454,1.5,1.466,0.942,0.782,0.347,0.338,0.314,0.162,0.226,0.2
23.2,0.084,0.084,0.079,1.398,1.458,1.503,1.323,1.322,1.381,1.203,1.199,1.206,1.224,1.484,1.611,1.488,1.438,1.48,1.414,1.139,1.067,1.271,1.242,1.224,1.196,1.513,1.542,1.461,0.978,0.82,0.351,0.357,0.317,0.169,0.242,0.21
23.32,0.084,0.084,0.081,1.399,1.445,1.468,1.316,1.3,1.371,1.209,1.211,1.197,1.224,1.484,1.559,1.503,1.444,1.495,1.414,1.157,1.072,1.353,1.249,1.226,1.178,1.51,1.551,1.469,0.982,0.828,0.349,0.359,0.323,0.171,0.255,0.206
23.44,0.083,0.086,0.08,1.416,1.455,1.51,1.354,1.325,1.408,1.215,1.211,1.183,1.239,1.461,1.53,1.463,1.402,1.438,1.37,1.203,1.142,1.314,1.29,1.206,1.216,1.458,1.517,1.455,1.009,0.863,0.372,0.385,0.328,0.196,0.261,0.213
23.56,0.085,0.085,0.082,1.332,1.344,1.529,1.33,1.308,1.374,1.208,1.198,1.205,1.212,1.469,1.578,1.488,1.45,1.499,1.418,1.206,1.067,1.334,1.239,1.226,1.168,1.512,1.532,1.448,1.007,0.853,0.369,0.382,0.335,0.187,0.265,0.24
23.68,0.083,0.082,0.079,1.41,1.45,1.491,1.346,1.307,1.381,1.197,1.201,1.184,1.241,1.48,1.546,1.458,1.402,1.419,1.386,1.209,1.102,1.308,1.27,1.203,1.189,1.453,1.489,1.426,1.019,0.854,0.382,0.394,0.341,0.218,0.288,0.232
23.8,0.085,0.086,0.081,1.413,1.436,1.533,1.355,1.335,1.393,1.214,1.21,1.179,1.229,1.51,1.63,1.542,1.482,1.519,1.47,1.358,1.119,1.391,1.262,1.216,1.222,1.551,1.57,1.5,1.058,0.91,0.414,0.407,0.359,0.193,0.281,0.255
23.92,0.081,0.083,0.08,1.335,1.438,1.485,1.352,1.318,1.382,1.191,1.207,1.19,1.259,1.509,1.606,1.479,1.412,1.461,1.392,1.25,1.139,1.285,1.273,1.206,1.199,1.47,1.517,1.435,1.079,0.914,0.413,0.422,0.352,0.204,0.296,0.244
24.03,0.083,0.083,0.079,1.412,1.458,1.509,1.351,1.324,1.393,1.21,1.204,1.191,1.251,1.491,1.587,1.527,1.417,1.464,1.44,1.356,1.163,1.281,1.274,1.226,1.199,1.522,1.563,1.447,1.151,0.927,0.438,0.427,0.374,0.216,0.302,0.26
24.15,0.085,0.085,0.08,1.366,1.466,1.494,1.381,1.345,1.408,1.225,1.218,1.19,1.208,1.48,1.646,1.52,1.454,1.475,1.481,1.345,1.17,1.368,1.274,1.217,1.163,1.565,1.574,1.493,1.113,0.925,0.386,0.443,0.38,0.199,0.311,0.253
24.27,0.085,0.085,0.081,1.415,1.444,1.527,1.324,1.329,1.394,1.225,1.224,1.193,1.228,1.493,1.647,1.542,1.47,1.512,1.471,1.401,1.171,1.405,1.265,1.242,1.212,1.555,1.575,1.48,1.243,0.963,0.416,0.451,0.389,0.205,0.311,0.267
24.39,0.085,0.086,0.082,1.409,1.453,1.497,1.331,1.316,1.384,1.222,1.223,1.209,1.222,1.51,1.602,1.517,1.412,1.485,1.417,1.354,1.199,1.26,1.253,1.236,1.165,1.549,1.556,1.446,1.247,0.964,0.409,0.454,0.411,0.233,0.323,0.283
24.51,0.084,0.082,0.079,1.383,1.454,1.516,1.344,1.33,1.399,1.209,1.214,1.206,1.226,1.496,1.642,1.517,1.443,1.51,1.413,1.336,1.204,1.254,1.256,1.227,1.182,1.545,1.559,1.475,1.257,0.986,0.434,0.464,0.42,0.236,0.341,0.308
24.63,0.085,0.084,0.08,1.386,1.438,1.507,1.333,1.302,1.388,1.215,1.224,1.18,1.239,1.479,1.588,1.49,1.396,1.405,1.386,1.238,1.232,1.363,1.273,1.21,1.185,1.462,1.481,1.401,1.266,0.996,0.411,0.462,0.44,0.276,0.349,0.31
24.75,0.084,0.085,0.08,1.392,1.476,1.502,1.429,1.313,1.394,1.233,1.241,1.204,1.232,1.552,1.62,1.578,1.45,1.539,1.497,1.402,1.291,1.455,1.308,1.236,1.207,1.584,1.559,1.505,1.378,1.118,0.47,0.5,0.433,0.28,0.353,0.324
24.87,0.084,0.084,0.081,1.404,1.464,1.505,1.348,1.308,1.378,1.193,1.194,1.182,1.239,1.486,1.614,1.574,1.416,1.464,1.414,1.315,1.224,1.34,1.271,1.21,1.19,1.527,1.537,1.447,1.327,1.001,0.459,0.489,0.448,0.379,0.382,0.326
24.99,0.085,0.083,0.081,1.346,1.447,1.481,1.336,1.301,1.384,1.21,1.207,1.198,1.23,1.509,1.591,1.487,1.31,1.431,1.386,1.186,1.207,1.265,1.261,1.238,1.178,1.49,1.497,1.386,1.266,1.035,0.459,0.517,0.443,0.276,0.385,0.36
25.11,0.083,0.084,0.08,1.407,1.404,1.493,1.328,1.321,1.387,1.231,1.231,1.212,1.242,1.529,1.609,1.529,1.419,1.502,1.43,1.297,1.196,1.36,1.26,1.242,1.168,1.538,1.542,1.45,1.362,1.061,0.481,0.536,0.456,0.29,0.388,0.353
25.23,0.086,0.084,0.081,1.412,1.428,1.518,1.343,1.316,1.395,1.228,1.232,1.205,1.247,1.536,1.577,1.544,1.436,1.522,1.408,1.306,1.201,1.382,1.259,1.243,1.178,1.552,1.536,1.445,1.391,1.066,0.498,0.551,0.477,0.313,0.391,0.363
25.34,0.084,0.084,0.081,1.39,1.43,1.498,1.343,1.321,1.396,1.225,1.221,1.199,1.221,1.49,1.597,1.537,1.433,1.479,1.384,1.298,1.224,1.383,1.272,1.226,1.189,1.532,1.523,1.442,1.375,1.065,0.487,0.549,0.485,0.321,0.405,0.373
25.46,0.084,0.085,0.082,1.401,1.436,1.503,1.357,1.324,1.399,1.211,1.218,1.193,1.252,1.487,1.613,1.526,1.456,1.48,1.445,1.303,1.196,1.381,1.259,1.237,1.188,1.508,1.557,1.463,1.408,1.086,0.519,0.578,0.483,0.353,0.408,0.388
25.58,0.082,0.083,0.078,1.393,1.461,1.541,1.372,1.338,1.412,1.195,1.194,1.139,1.275,1.499,1.605,1.537,1.422,1.449,1.411,1.279,1.213,1.359,1.283,1.198,1.219,1.525,1.539,1.433,1.395,1.21,0.606,0.603,0.542,0.355,0.469,0.38
25.7,0.086,0.085,0.081,1.352,1.467,1.514,1.348,1.335,1.41,1.234,1.247,1.193,1.274,1.532,1.625,1.554,1.447,1.493,1.44,1.293,1.194,1.429,1.298,1.233,1.203,1.543,1.568,1.501,1.458,1.238,0.566,0.597,0.542,0.324,0.464,0.4
25.82,0.085,0.084,0.083,1.344,1.432,1.488,1.357,1.324,1.408,1.195,1.194,1.157,1.226,1.471,1.586,1.468,1.388,1.442,1.326,1.214,1.201,1.326,1.254,1.199,1.172,1.461,1.518,1.397,1.334,1.233,0.571,0.625,0.565,0.382,0.471,0.411
25.94,0.085,0.083,0.08,1.372,1.435,1.502,1.349,1.321,1.394,1.214,1.226,1.19,1.249,1.536,1.616,1.533,1.409,1.45,1.414,1.25,1.2,1.308,1.276,1.238,1.215,1.514,1.511,1.434,1.404,1.23,0.568,0.627,0.528,0.371,0.469,0.432
26.06,0.084,0.082,0.079,1.372,1.474,1.515,1.376,1.36,1.431,1.233,1.23,1.196,1.268,1.562,1.648,1.57,1.455,1.541,1.47,1.321,1.206,1.408,1.298,1.234,1.211,1.538,1.581,1.477,1.482,1.28,0.624,0.664,0.55,0.402,0.496,0.442
26.18,0.085,0.084,0.08,1.381,1.423,1.525,1.344,1.321,1.399,1.216,1.217,1.195,1.225,1.554,1.563,1.51,1.392,1.46,1.378,1.22,1.189,1.355,1.276,1.234,1.193,1.522,1.522,1.418,1.43,1.256,0.6,0.662,0.563,0.434,0.497,0.472
26.3,0.086,0.085,0.08,1.357,1.474,1.519,1.33,1.314,1.392,1.237,1.242,1.2,1.237,1.576,1.67,1.596,1.5,1.546,1.486,1.372,1.17,1.408,1.26,1.251,1.198,1.596,1.591,1.49,1.491,1.412,0.626,0.694,0.574,0.377,0.496,0.49
26.42,0.082,0.081,0.079,1.37,1.466,1.486,1.378,1.334,1.413,1.219,1.23,1.182,1.262,1.545,1.621,1.561,1.45,1.49,1.423,1.205,1.212,1.306,1.297,1.224,1.214,1.529,1.546,1.434,1.414,1.336,0.645,0.683,0.608,0.457,0.531,0.468
26.54,0.083,0.083,0.08,1.35,1.473,1.479,1.356,1.318,1.402,1.207,1.201,1.174,1.23,1.548,1.626,1.575,1.437,1.53,1.421,1.283,1.17,1.388,1.288,1.22,1.182,1.562,1.544,1.435,1.44,1.366,0.621,0.644,0.595,0.396,0.552,0.496
26.66,0.085,0.085,0.081,1.333,1.413,1.509,1.372,1.339,1.43,1.207,1.213,1.182,1.234,1.546,1.59,1.51,1.42,1.505,1.407,1.299,1.188,1.391,1.291,1.241,1.191,1.54,1.538,1.412,1.413,1.385,0.659,0.669,0.659,0.516,0.58,0.515
26.77,0.084,0.084,0.08,1.354,1.454,1.522,1.36,1.341,1.4,1.228,1.225,1.193,1.246,1.522,1.619,1.564,1.444,1.495,1.448,1.325,1.177,1.404,1.294,1.245,1.197,1.535,1.544,1.438,1.384,1.421,0.658,0.666,0.622,0.49,0.555,0.534
26.89,0.084,0.083,0.079,1.361,1.458,1.48,1.371,1.325,1.42,1.204,1.215,1.169,1.273,1.534,1.585,1.534,1.443,1.488,1.417,1.32,1.169,1.396,1.307,1.218,1.226,1.526,1.531,1.422,1.419,1.412,0.72,0.727,0.67,0.524,0.581,0.523
27.01,0.084,0.083,0.079,1.38,1.483,1.556,1.367,1.345,1.425,1.228,1.232,1.184,1.258,1.574,1.678,1.621,1.49,1.581,1.475,1.35,1.192,1.451,1.302,1.248,1.194,1.597,1.588,1.503,1.486,1.49,0.744,0.728,0.686,0.542,0.592,0.537
27.13,0.084,0.083,0.08,1.336,1.446,1.499,1.362,1.332,1.409,1.21,1.203,1.155,1.258,1.51,1.571,1.502,1.411,1.444,1.376,1.244,1.182,1.383,1.286,1.218,1.19,1.45,1.502,1.41,1.327,1.384,0.728,0.731,0.734,0.591,0.622,0.562
27.25,0.083,0.083,0.079,1.368,1.503,1.542,1.375,1.346,1.431,1.235,1.242,1.195,1.299,1.563,1.64,1.603,1.474,1.558,1.503,1.383,1.192,1.406,1.306,1.25,1.238,1.611,1.598,1.501,1.428,1.502,0.796,0.764,0.723,0.596,0.63,0.589
27.37,0.083,0.083,0.078,1.374,1.396,1.527,1.385,1.362,1.436,1.217,1.227,1.177,1.281,1.539,1.623,1.57,1.441,1.489,1.4,1.277,1.197,1.31,1.314,1.24,1.229,1.569,1.522,1.456,1.369,1.432,0.788,0.762,0.701,0.646,0.647,0.596
27.49,0.084,0.083,0.08,1.372,1.47,1.49,1.393,1.339,1.425,1.222,1.218,1.17,1.267,1.58,1.606,1.575,1.454,1.486,1.439,1.326,1.198,1.341,1.318,1.237,1.216,1.566,1.567,1.441,1.361,1.442,0.762,0.767,0.728,0.66,0.681,0.588
27.61,0.085,0.084,0.081,1.371,1.489,1.532,1.35,1.334,1.409,1.239,1.237,1.208,1.245,1.604,1.668,1.626,1.482,1.553,1.498,1.361,1.177,1.447,1.283,1.271,1.193,1.623,1.61,1.511,1.451,1.482,0.796,0.779,0.738,0.634,0.674,0.641
27.73,0.084,0.085,0.08,1.355,1.464,1.52,1.371,1.339,1.42,1.214,1.206,1.163,1.251,1.54,1.603,1.562,1.427,1.474,1.41,1.31,1.19,1.393,1.302,1.228,1.224,1.52,1.516,1.44,1.34,1.389,0.796,0.776,0.765,0.698,0.71,0.622
27.85,0.084,0.085,0.079,1.364,1.5,1.513,1.376,1.355,1.415,1.229,1.236,1.189,1.24,1.582,1.636,1.551,1.428,1.491,1.416,1.343,1.175,1.398,1.301,1.244,1.216,1.552,1.564,1.464,1.319,1.412,0.794,0.77,0.751,0.646,0.677,0.667
27.97,0.084,0.084,0.08,1.361,1.503,1.53,1.376,1.35,1.422,1.228,1.226,1.179,1.265,1.566,1.663,1.606,1.464,1.546,1.47,1.345,1.196,1.394,1.321,1.241,1.23,1.572,1.616,1.506,1.391,1.407,0.832,0.795,0.738,0.638,0.721,0.68
28.08,0.086,0.083,0.081,1.356,1.414,1.488,1.366,1.33,1.408,1.198,1.201,1.163,1.26,1.451,1.484,1.418,1.332,1.395,1.303,1.203,1.196,1.305,1.29,1.223,1.22,1.455,1.428,1.342,1.285,1.277,0.812,0.803,0.765,0.727,0.765,0.652
28.2,0.083,0.082,0.081,1.383,1.461,1.549,1.389,1.354,1.442,1.238,1.232,1.184,1.295,1.563,1.634,1.613,1.463,1.56,1.497,1.373,1.223,1.47,1.311,1.262,1.244,1.589,1.608,1.502,1.432,1.434,0.874,0.849,0.802,0.752,0.762,0.699
28.32,0.085,0.084,0.08,1.358,1.527,1.564,1.382,1.353,1.426,1.238,1.25,1.192,1.299,1.566,1.642,1.595,1.498,1.564,1.493,1.35,1.202,1.489,1.41,1.262,1.222,1.576,1.603,1.49,1.418,1.444,0.879,0.852,0.781,0.712,0.78,0.766
28.44,0.084,0.083,0.078,1.422,1.548,1.57,1.388,1.351,1.429,1.244,1.24,1.193,1.296,1.573,1.708,1.649,1.509,1.606,1.52,1.367,1.228,1.44,1.319,1.257,1.244,1.643,1.653,1.559,1.452,1.478,0.901,0.882,0.829,0.776,0.804,0.742
28.56,0.086,0.085,0.082,1.398,1.534,1.538,1.339,1.329,1.425,1.231,1.219,1.177,1.299,1.606,1.689,1.636,1.485,1.576,1.511,1.365,1.187,1.419,1.291,1.256,1.235,1.648,1.63,1.524,1.434,1.432,0.914,0.894,0.805,0.771,0.786,0.77
28.68,0.087,0.085,0.082,1.387,1.544,1.56,1.381,1.352,1.438,1.229,1.243,1.179,1.25,1.611,1.66,1.635,1.467,1.552,1.485,1.352,1.189,1.419,1.305,1.267,1.227,1.627,1.624,1.51,1.385,1.378,0.899,0.827,0.794,0.74,0.796,0.785
28.8,0.082,0.081,0.076,1.387,1.405,1.517,1.378,1.359,1.439,1.235,1.23,1.172,1.32,1.591,1.659,1.64,1.512,1.57,1.506,1.356,1.222,1.37,1.316,1.255,1.243,1.635,1.637,1.496,1.409,1.357,0.938,0.901,0.832,0.828,0.835,0.779
28.92,0.083,0.083,0.078,1.404,1.524,1.569,1.383,1.362,1.444,1.232,1.239,1.171,1.376,1.593,1.698,1.652,1.534,1.604,1.528,1.394,1.22,1.49,1.384,1.264,1.228,1.659,1.66,1.528,1.445,1.444,0.973,0.91,0.836,0.857,0.858,0.783
29.04,0.082,0.082,0.079,1.406,1.518,1.556,1.38,1.358,1.433,1.246,1.244,1.178,1.329,1.598,1.661,1.607,1.471,1.57,1.516,1.334,1.223,1.49,1.382,1.266,1.258,1.606,1.614,1.518,1.406,1.406,0.986,0.923,0.835,0.867,0.862,0.816
29.16,0.085,0.084,0.081,1.378,1.471,1.529,1.376,1.346,1.418,1.212,1.215,1.161,1.3,1.559,1.641,1.525,1.415,1.464,1.404,1.267,1.204,1.411,1.331,1.236,1.252,1.557,1.522,1.469,1.317,1.312,0.949,0.866,0.839,0.842,0.842,0.802
29.28,0.086,0.085,0.081,1.404,1.514,1.517,1.368,1.341,1.427,1.243,1.243,1.164,1.301,1.614,1.659,1.612,1.497,1.558,1.513,1.371,1.204,1.442,1.369,1.269,1.257,1.616,1.6,1.522,1.438,1.405,0.983,0.957,0.858,0.871,0.871,0.871
29.4,0.084,0.084,0.08,1.424,1.53,1.55,1.404,1.39,1.449,1.24,1.246,1.17,1.328,1.608,1.662,1.648,1.474,1.562,1.527,1.35,1.227,1.435,1.334,1.267,1.259,1.63,1.612,1.495,1.426,1.391,1.036,0.938,0.878,0.925,0.914,0.839
29.51,0.085,0.085,0.08,1.384,1.487,1.551,1.393,1.359,1.431,1.227,1.233,1.154,1.307,1.608,1.674,1.605,1.474,1.534,1.461,1.33,1.208,1.424,1.416,1.254,1.26,1.588,1.614,1.513,1.377,1.337,1.004,0.89,0.866,0.888,0.905,0.865
29.63,0.085,0.084,0.081,1.374,1.509,1.512,1.382,1.341,1.428,1.25,1.239,1.174,1.266,1.628,1.716,1.67,1.514,1.579,1.526,1.363,1.185,1.455,1.396,1.27,1.22,1.656,1.66,1.529,1.419,1.43,0.997,0.954,0.874,0.906,0.913,0.912
29.75,0.082,0.081,0.078,1.379,1.5,1.524,1.387,1.361,1.439,1.244,1.24,1.159,1.295,1.612,1.699,1.665,1.515,1.595,1.519,1.352,1.24,1.456,1.32,1.254,1.226,1.639,1.654,1.538,1.403,1.413,1.059,1.04,0.925,0.978,0.954,0.921
29.87,0.087,0.084,0.081,1.372,1.452,1.521,1.383,1.349,1.422,1.192,1.2,1.148,1.287,1.505,1.613,1.451,1.406,1.414,1.353,1.22,1.219,1.358,1.325,1.217,1.23,1.52,1.471,1.374,1.311,1.311,0.986,0.905,0.888,0.955,0.931,0.888
29.99,0.083,0.082,0.079,1.424,1.534,1.559,1.404,1.375,1.436,1.235,1.232,1.157,1.331,1.602,1.655,1.63,1.499,1.602,1.523,1.366,1.239,1.431,1.329,1.252,1.258,1.621,1.612,1.514,1.389,1.32,1.092,1.002,0.924,0.974,0.976,0.956
30.11,0.085,0.084,0.082,1.415,1.536,1.526,1.362,1.338,1.427,1.232,1.21,1.17,1.31,1.633,1.685,1.646,1.521,1.604,1.556,1.349,1.213,1.46,1.308,1.264,1.243,1.675,1.639,1.546,1.375,1.376,1.068,1.047,0.927,1.008,0.967,0.97
30.23,0.085,0.085,0.08,1.402,1.518,1.565,1.386,1.36,1.437,1.229,1.218,1.152,1.326,1.62,1.706,1.661,1.545,1.638,1.552,1.366,1.202,1.458,1.351,1.262,1.271,1.673,1.657,1.55,1.422,1.41,1.074,1.049,0.95,1.004,0.985,1.002
30.35,0.082,0.082,0.08,1.411,1.475,1.538,1.473,1.37,1.457,1.246,1.242,1.172,1.353,1.654,1.711,1.69,1.562,1.658,1.578,1.379,1.218,1.536,1.407,1.288,1.294,1.693,1.677,1.556,1.463,1.432,1.237,1.198,0.941,1.196,1.003,1.031
30.47,0.085,0.084,0.081,1.379,1.455,1.54,1.386,1.356,1.432,1.234,1.226,1.16,1.32,1.566,1.661,1.573,1.445,1.479,1.423,1.281,1.216,1.406,1.341,1.247,1.264,1.552,1.58,1.468,1.359,1.259,1.238,0.992,0.92,1.009,0.988,0.977
30.59,0.086,0.085,0.08,1.384,1.52,1.558,1.378,1.347,1.44,1.265,1.245,1.173,1.347,1.65,1.702,1.674,1.54,1.633,1.552,1.357,1.213,1.506,1.381,1.279,1.233,1.676,1.667,1.56,1.461,1.41,1.307,1.249,0.96,1.203,1.033,1.067
30.71,0.086,0.086,0.081,1.375,1.501,1.531,1.427,1.383,1.444,1.237,1.221,1.152,1.306,1.617,1.683,1.639,1.509,1.603,1.551,1.342,1.223,1.447,1.369,1.262,1.248,1.616,1.637,1.509,1.403,1.332,1.288,1.123,0.946,1.098,1.014,1.021
30.83,0.085,0.085,0.08,1.374,1.519,1.517,1.4,1.362,1.446,1.24,1.223,1.175,1.304,1.618,1.688,1.626,1.495,1.561,1.511,1.319,1.197,1.42,1.335,1.272,1.259,1.608,1.639,1.496,1.35,1.25,1.258,1.141,0.96,1.044,1.026,1.05
30.94,0.084,0.084,0.082,1.385,1.439,1.539,1.376,1.346,1.431,1.206,1.206,1.153,1.293,1.525,1.584,1.495,1.373,1.447,1.375,1.25,1.221,1.405,1.326,1.203,1.226,1.496,1.514,1.374,1.29,1.287,1.225,1.039,0.978,1.114,1.048,0.991
31.06,0.085,0.083,0.08,1.378,1.488,1.522,1.374,1.358,1.438,1.241,1.217,1.169,1.321,1.613,1.671,1.649,1.502,1.61,1.525,1.369,1.225,1.418,1.354,1.272,1.269,1.635,1.635,1.498,1.388,1.377,1.339,1.134,1.014,1.112,1.053,1.105
31.18,0.083,0.084,0.08,1.409,1.49,1.565,1.395,1.366,1.43,1.232,1.234,1.144,1.344,1.624,1.689,1.65,1.502,1.598,1.513,1.338,1.247,1.471,1.368,1.24,1.276,1.622,1.64,1.533,1.373,1.365,1.331,1.233,1.023,1.321,1.078,1.048
31.3,0.082,0.083,0.08,1.364,1.488,1.533,1.387,1.353,1.435,1.255,1.228,1.158,1.308,1.639,1.697,1.677,1.534,1.652,1.573,1.36,1.204,1.453,1.312,1.278,1.235,1.675,1.677,1.562,1.447,1.415,1.391,1.269,1.036,1.294,1.068,1.142
31.42,0.084,0.083,0.081,1.387,1.511,1.56,1.405,1.371,1.45,1.243,1.232,1.161,1.324,1.637,1.721,1.69,1.559,1.651,1.551,1.383,1.232,1.479,1.409,1.289,1.259,1.685,1.706,1.558,1.423,1.405,1.355,1.289,1.052,1.354,1.075,1.127
31.54,0.086,0.087,0.083,1.378,1.516,1.586,1.389,1.37,1.452,1.259,1.246,1.156,1.284,1.641,1.74,1.673,1.566,1.624,1.561,1.361,1.226,1.482,1.343,1.287,1.23,1.657,1.663,1.543,1.428,1.437,1.364,1.336,1.075,1.259,1.093,1.191
31.66,0.084,0.083,0.079,1.397,1.517,1.577,1.426,1.393,1.467,1.248,1.253,1.158,1.373,1.66,1.741,1.688,1.59,1.648,1.577,1.406,1.271,1.517,1.367,1.276,1.282,1.679,1.688,1.568,1.451,1.428,1.37,1.36,1.114,1.365,1.145,1.171
31.78,0.087,0.084,0.08,1.388,1.467,1.552,1.4,1.369,1.439,1.22,1.222,1.154,1.331,1.563,1.662,1.534,1.418,1.463,1.366,1.251,1.251,1.409,1.337,1.247,1.264,1.521,1.546,1.374,1.285,1.288,1.334,1.137,1.089,1.186,1.126,1.102
31.9,0.083,0.083,0.079,1.402,1.488,1.578,1.479,1.384,1.446,1.26,1.246,1.145,1.35,1.642,1.667,1.643,1.558,1.594,1.554,1.38,1.249,1.482,1.351,1.274,1.266,1.658,1.654,1.528,1.447,1.427,1.388,1.379,1.274,1.425,1.16,1.211
32.02,0.088,0.087,0.084,1.411,1.52,1.599,1.415,1.395,1.461,1.242,1.236,1.149,1.329,1.67,1.722,1.686,1.582,1.639,1.577,1.412,1.242,1.5,1.399,1.282,1.253,1.715,1.694,1.568,1.434,1.415,1.358,1.372,1.228,1.417,1.134,1.203
32.14,0.084,0.082,0.079,1.39,1.493,1.528,1.417,1.391,1.475,1.25,1.245,1.152,1.365,1.66,1.713,1.672,1.573,1.615,1.553,1.401,1.282,1.502,1.372,1.267,1.307,1.711,1.71,1.553,1.426,1.38,1.366,1.339,1.257,1.364,1.181,1.226
32.26,0.085,0.082,0.078,1.415,1.501,1.569,1.409,1.375,1.449,1.239,1.234,1.144,1.347,1.649,1.717,1.685,1.578,1.629,1.583,1.362,1.266,1.472,1.452,1.266,1.285,1.665,1.681,1.542,1.42,1.405,1.311,1.329,1.312,1.371,1.196,1.236
32.38,0.084,0.082,0.08,1.412,1.542,1.606,1.423,1.396,1.483,1.256,1.253,1.138,1.466,1.672,1.75,1.725,1.613,1.692,1.63,1.488,1.272,1.564,1.369,1.286,1.296,1.748,1.74,1.605,1.502,1.461,1.375,1.39,1.418,1.424,1.244,1.235
32.49,0.082,0.082,0.079,1.409,1.546,1.615,1.406,1.389,1.458,1.254,1.245,1.146,1.429,1.645,1.76,1.722,1.618,1.693,1.625,1.486,1.268,1.532,1.367,1.262,1.257,1.727,1.758,1.602,1.505,1.429,1.35,1.373,1.38,1.363,1.193,1.218
32.61,0.082,0.081,0.078,1.403,1.53,1.597,1.412,1.392,1.469,1.258,1.261,1.142,1.349,1.686,1.75,1.665,1.609,1.634,1.559,1.433,1.286,1.545,1.412,1.28,1.289,1.672,1.731,1.566,1.464,1.359,1.354,1.373,1.368,1.363,1.212,1.216
32.73,0.085,0.084,0.081,1.427,1.505,1.597,1.419,1.387,1.457,1.244,1.24,1.145,1.385,1.644,1.742,1.686,1.554,1.62,1.563,1.406,1.299,1.515,1.38,1.269,1.314,1.672,1.706,1.557,1.436,1.35,1.286,1.342,1.333,1.403,1.241,1.21
32.85,0.085,0.083,0.08,1.394,1.482,1.515,1.409,1.378,1.447,1.24,1.239,1.147,1.354,1.629,1.708,1.566,1.522,1.536,1.477,1.372,1.254,1.467,1.351,1.271,1.279,1.607,1.628,1.459,1.368,1.298,1.248,1.294,1.244,1.288,1.212,1.197
32.97,0.085,0.086,0.081,1.396,1.478,1.593,1.396,1.38,1.461,1.265,1.24,1.14,1.444,1.663,1.732,1.661,1.574,1.667,1.588,1.445,1.25,1.544,1.444,1.289,1.223,1.661,1.682,1.575,1.453,1.404,1.312,1.364,1.389,1.351,1.201,1.236
33.09,0.084,0.083,0.079,1.411,1.509,1.587,1.392,1.379,1.459,1.259,1.246,1.145,1.455,1.675,1.775,1.726,1.629,1.707,1.597,1.437,1.264,1.549,1.435,1.295,1.275,1.758,1.738,1.668,1.51,1.461,1.378,1.388,1.421,1.408,1.226,1.233
33.21,0.085,0.085,0.082,1.394,1.491,1.605,1.425,1.396,1.47,1.242,1.244,1.154,1.352,1.672,1.751,1.695,1.59,1.604,1.53,1.404,1.262,1.536,1.439,1.286,1.287,1.665,1.709,1.582,1.421,1.347,1.301,1.329,1.322,1.389,1.198,1.195
33.33,0.082,0.081,0.079,1.41,1.531,1.59,1.42,1.395,1.467,1.257,1.249,1.145,1.453,1.678,1.759,1.644,1.599,1.634,1.568,1.446,1.302,1.507,1.44,1.274,1.282,1.669,1.694,1.565,1.437,1.396,1.341,1.335,1.347,1.342,1.219,1.218
33.45,0.085,0.084,0.082,1.392,1.497,1.587,1.405,1.377,1.52,1.252,1.246,1.139,1.427,1.675,1.733,1.663,1.576,1.646,1.542,1.442,1.258,1.526,1.424,1.288,1.244,1.678,1.719,1.563,1.447,1.396,1.284,1.339,1.321,1.295,1.168,1.227
33.57,0.085,0.084,0.081,1.396,1.49,1.594,1.426,1.39,1.453,1.256,1.253,1.152,1.328,1.652,1.713,1.657,1.556,1.586,1.556,1.389,1.25,1.452,1.363,1.286,1.264,1.652,1.659,1.521,1.385,1.331,1.302,1.333,1.314,1.199,1.191,1.206
33.69,0.084,0.084,0.08,1.405,1.492,1.561,1.405,1.358,1.439,1.227,1.228,1.149,1.359,1.609,1.607,1.556,1.428,1.49,1.436,1.307,1.295,1.442,1.356,1.236,1.275,1.506,1.552,1.419,1.311,1.266,1.27,1.272,1.234,1.215,1.188,1.127
33.81,0.086,0.084,0.081,1.386,1.505,1.602,1.416,1.397,1.469,1.236,1.233,1.156,1.359,1.677,1.73,1.693,1.594,1.667,1.58,1.404,1.272,1.49,1.416,1.29,1.277,1.705,1.708,1.581,1.444,1.356,1.324,1.334,1.369,1.364,1.176,1.191
33.93,0.084,0.083,0.079,1.413,1.505,1.573,1.433,1.402,1.464,1.242,1.25,1.143,1.38,1.665,1.727,1.687,1.609,1.667,1.573,1.412,1.298,1.479,1.429,1.276,1.312,1.702,1.742,1.574,1.441,1.402,1.369,1.362,1.331,1.291,1.197,1.201
34.04,0.083,0.084,0.08,1.419,1.495,1.603,1.525,1.396,1.546,1.257,1.259,1.143,1.473,1.683,1.787,1.731,1.642,1.732,1.642,1.504,1.335,1.526,1.458,1.274,1.384,1.743,1.76,1.609,1.531,1.489,1.385,1.39,1.39,1.355,1.194,1.226
34.16,0.087,0.085,0.081,1.398,1.519,1.558,1.419,1.395,1.47,1.249,1.253,1.148,1.342,1.679,1.769,1.737,1.62,1.692,1.549,1.399,1.28,1.463,1.446,1.279,1.288,1.733,1.761,1.604,1.503,1.397,1.377,1.353,1.342,1.173,1.178,1.2
34.28,0.085,0.083,0.08,1.418,1.493,1.626,1.425,1.389,1.464,1.256,1.25,1.15,1.476,1.688,1.783,1.714,1.627,1.663,1.575,1.474,1.316,1.525,1.413,1.278,1.294,1.748,1.762,1.592,1.464,1.453,1.388,1.38,1.342,1.268,1.188,1.213
34.4,0.085,0.084,0.081,1.399,1.49,1.583,1.413,1.383,1.468,1.253,1.245,1.137,1.372,1.72,1.8,1.748,1.647,1.689,1.626,1.495,1.271,1.563,1.438,1.287,1.264,1.788,1.781,1.62,1.521,1.492,1.374,1.374,1.4,1.302,1.138,1.209
34.52,0.086,0.086,0.082,1.393,1.495,1.604,1.43,1.41,1.481,1.249,1.249,1.155,1.368,1.685,1.747,1.666,1.604,1.649,1.585,1.399,1.286,1.49,1.448,1.292,1.296,1.72,1.756,1.57,1.424,1.401,1.349,1.354,1.347,1.168,1.176,1.205
34.64,0.083,0.082,0.078,1.427,1.515,1.618,1.438,1.412,1.473,1.239,1.244,1.139,1.388,1.674,1.739,1.636,1.616,1.63,1.522,1.423,1.327,1.445,1.47,1.266,1.319,1.702,1.76,1.582,1.438,1.34,1.238,1.342,1.329,1.212,1.199,1.203
34.76,0.084,0.084,0.081,1.389,1.509,1.584,1.425,1.402,1.47,1.238,1.247,1.137,1.361,1.679,1.763,1.66,1.585,1.616,1.538,1.391,1.274,1.478,1.379,1.289,1.298,1.701,1.742,1.573,1.41,1.344,1.304,1.326,1.332,1.173,1.168,1.184
34.88,0.085,0.085,0.081,1.422,1.483,1.584,1.431,1.404,1.472,1.22,1.242,1.148,1.381,1.638,1.715,1.614,1.554,1.597,1.495,1.424,1.284,1.446,1.451,1.282,1.287,1.642,1.709,1.565,1.419,1.352,1.339,1.342,1.286,1.219,1.176,1.198
35,0.085,0.084,0.082,1.397,1.465,1.604,1.415,1.403,1.468,1.269,1.253,1.14,1.476,1.694,1.761,1.701,1.613,1.672,1.582,1.469,1.288,1.565,1.464,1.287,1.267,1.697,1.721,1.611,1.48,1.474,1.385,1.368,1.362,1.379,1.192,1.212
35.12,0.086,0.084,0.082,1.403,1.478,1.586,1.425,1.404,1.476,1.261,1.26,1.141,1.486,1.706,1.749,1.709,1.6,1.674,1.58,1.458,1.295,1.515,1.445,1.285,1.309,1.714,1.76,1.589,1.471,1.411,1.367,1.345,1.268,1.258,1.184,1.215
35.24,0.084,0.083,0.08,1.401,1.499,1.576,1.432,1.409,1.472,1.255,1.254,1.151,1.354,1.685,1.722,1.685,1.594,1.639,1.566,1.435,1.304,1.506,1.439,1.286,1.283,1.679,1.75,1.581,1.466,1.398,1.372,1.344,1.303,1.204,1.172,1.206
35.36,0.084,0.083,0.079,1.422,1.49,1.609,1.444,1.405,1.48,1.263,1.257,1.142,1.479,1.673,1.77,1.689,1.611,1.668,1.58,1.464,1.4,1.544,1.476,1.284,1.308,1.691,1.716,1.549,1.484,1.45,1.362,1.364,1.318,1.327,1.193,1.222
35.48,0.087,0.086,0.082,1.412,1.482,1.615,1.438,1.412,1.482,1.266,1.255,1.139,1.359,1.706,1.765,1.741,1.638,1.669,1.604,1.467,1.296,1.531,1.491,1.274,1.293,1.723,1.756,1.612,1.506,1.44,1.39,1.38,1.275,1.362,1.15,1.215
35.6,0.082,0.08,0.077,1.405,1.508,1.602,1.447,1.412,1.482,1.266,1.275,1.141,1.464,1.7,1.811,1.713,1.663,1.726,1.585,1.489,1.336,1.508,1.455,1.289,1.273,1.754,1.777,1.612,1.529,1.459,1.368,1.338,1.311,1.232,1.185,1.225
35.71,0.085,0.085,0.083,1.402,1.508,1.643,1.543,1.415,1.483,1.259,1.275,1.124,1.436,1.735,1.814,1.735,1.675,1.754,1.669,1.503,1.333,1.62,1.458,1.297,1.273,1.803,1.78,1.655,1.571,1.505,1.455,1.389,1.427,1.356,1.183,1.226
35.83,0.084,0.085,0.081,1.407,1.493,1.58,1.428,1.38,1.454,1.234,1.234,1.137,1.395,1.59,1.689,1.52,1.447,1.493,1.412,1.307,1.345,1.465,1.378,1.236,1.307,1.578,1.555,1.41,1.341,1.245,1.242,1.211,1.195,1.222,1.232,1.123
35.95,0.084,0.084,0.081,1.393,1.48,1.644,1.521,1.41,1.472,1.264,1.268,1.136,1.474,1.715,1.759,1.722,1.644,1.698,1.632,1.5,1.35,1.524,1.482,1.29,1.389,1.722,1.753,1.624,1.511,1.472,1.424,1.396,1.36,1.393,1.167,1.216
36.07,0.086,0.086,0.082,1.391,1.498,1.609,1.512,1.392,1.464,1.262,1.259,1.142,1.452,1.705,1.74,1.664,1.593,1.662,1.584,1.442,1.304,1.494,1.427,1.289,1.281,1.705,1.733,1.606,1.478,1.431,1.344,1.352,1.365,1.334,1.191,1.209
36.19,0.085,0.086,0.082,1.403,1.463,1.583,1.447,1.411,1.468,1.221,1.234,1.126,1.38,1.677,1.713,1.616,1.587,1.595,1.52,1.433,1.327,1.495,1.39,1.268,1.31,1.68,1.744,1.572,1.423,1.343,1.363,1.341,1.322,1.211,1.181,1.223
36.31,0.085,0.084,0.08,1.406,1.47,1.635,1.519,1.409,1.479,1.261,1.266,1.137,1.478,1.723,1.763,1.728,1.634,1.713,1.608,1.511,1.375,1.562,1.501,1.289,1.262,1.742,1.766,1.642,1.518,1.489,1.428,1.411,1.401,1.409,1.179,1.224
36.43,0.085,0.085,0.08,1.401,1.498,1.626,1.439,1.408,1.469,1.22,1.234,1.138,1.356,1.69,1.726,1.649,1.547,1.587,1.495,1.422,1.337,1.454,1.387,1.265,1.285,1.651,1.714,1.548,1.374,1.34,1.342,1.337,1.289,1.223,1.174,1.184
36.55,0.086,0.085,0.083,1.414,1.491,1.616,1.441,1.417,1.471,1.268,1.295,1.134,1.443,1.726,1.817,1.734,1.632,1.701,1.61,1.526,1.315,1.568,1.476,1.302,1.258,1.752,1.788,1.652,1.536,1.506,1.397,1.407,1.368,1.402,1.183,1.226
36.67,0.086,0.086,0.083,1.408,1.468,1.588,1.484,1.423,1.466,1.241,1.256,1.138,1.35,1.725,1.796,1.711,1.643,1.655,1.61,1.465,1.326,1.529,1.395,1.282,1.295,1.74,1.778,1.627,1.51,1.448,1.355,1.368,1.196,1.294,1.163,1.209
36.79,0.086,0.085,0.081,1.409,1.488,1.644,1.426,1.423,1.47,1.257,1.247,1.129,1.47,1.731,1.821,1.741,1.677,1.729,1.635,1.537,1.313,1.601,1.474,1.274,1.316,1.775,1.793,1.651,1.565,1.493,1.42,1.405,1.355,1.309,1.17,1.208
36.91,0.084,0.083,0.081,1.422,1.5,1.625,1.454,1.412,1.478,1.253,1.25,1.135,1.369,1.737,1.835,1.771,1.689,1.716,1.65,1.497,1.337,1.525,1.479,1.273,1.327,1.777,1.807,1.656,1.571,1.469,1.386,1.401,1.362,1.363,1.188,1.211
37.03,0.085,0.084,0.08,1.417,1.476,1.612,1.514,1.406,1.478,1.27,1.278,1.125,1.372,1.732,1.826,1.751,1.67,1.69,1.641,1.508,1.321,1.587,1.383,1.287,1.402,1.78,1.795,1.658,1.566,1.489,1.41,1.403,1.391,1.365,1.185,1.227
37.15,0.086,0.084,0.079,1.4,1.479,1.597,1.519,1.41,1.452,1.225,1.235,1.119,1.462,1.773,1.84,1.722,1.684,1.653,1.638,1.532,1.339,1.507,1.439,1.268,1.272,1.78,1.814,1.661,1.584,1.478,1.44,1.382,1.359,1.351,1.138,1.22
37.27,0.084,0.083,0.081,1.408,1.502,1.582,1.519,1.415,1.473,1.265,1.236,1.134,1.38,1.672,1.74,1.621,1.628,1.581,1.533,1.458,1.336,1.518,1.46,1.282,1.313,1.71,1.757,1.569,1.481,1.403,1.403,1.383,1.314,1.321,1.176,1.202
37.39,0.084,0.084,0.081,1.406,1.479,1.626,1.492,1.417,1.473,1.259,1.263,1.131,1.488,1.724,1.788,1.678,1.673,1.688,1.628,1.527,1.333,1.598,1.485,1.282,1.433,1.738,1.788,1.638,1.544,1.491,1.439,1.425,1.351,1.39,1.165,1.223
37.5,0.085,0.085,0.079,1.391,1.504,1.592,1.433,1.387,1.461,1.255,1.23,1.138,1.392,1.718,1.772,1.692,1.611,1.599,1.528,1.4,1.374,1.508,1.438,1.252,1.312,1.684,1.753,1.571,1.459,1.36,1.37,1.35,1.369,1.337,1.232,1.159
37.62,0.084,0.082,0.077,1.414,1.5,1.6,1.533,1.419,1.488,1.278,1.246,1.138,1.391,1.704,1.792,1.706,1.648,1.684,1.597,1.469,1.38,1.557,1.47,1.277,1.31,1.71,1.772,1.608,1.51,1.436,1.392,1.448,1.343,1.316,1.228,1.2
37.74,0.086,0.086,0.082,1.416,1.507,1.607,1.443,1.411,1.477,1.25,1.242,1.13,1.386,1.661,1.717,1.59,1.536,1.554,1.479,1.385,1.359,1.454,1.413,1.276,1.316,1.606,1.7,1.503,1.409,1.321,1.368,1.355,1.365,1.226,1.206,1.19
37.86,0.087,0.086,0.081,1.409,1.513,1.621,1.514,1.425,1.481,1.25,1.242,1.131,1.408,1.737,1.774,1.714,1.65,1.715,1.628,1.496,1.344,1.552,1.484,1.292,1.338,1.753,1.78,1.642,1.543,1.444,1.434,1.417,1.378,1.385,1.203,1.216
37.98,0.086,0.085,0.082,1.397,1.49,1.623,1.449,1.42,1.484,1.273,1.258,1.138,1.476,1.716,1.751,1.689,1.622,1.7,1.614,1.49,1.362,1.547,1.466,1.298,1.318,1.7,1.746,1.599,1.503,1.455,1.436,1.394,1.336,1.182,1.193,1.222
38.1,0.086,0.084,0.08,1.409,1.479,1.622,1.428,1.414,1.474,1.269,1.266,1.126,1.403,1.716,1.728,1.717,1.65,1.684,1.65,1.513,1.446,1.567,1.499,1.284,1.322,1.712,1.74,1.61,1.543,1.486,1.447,1.418,1.401,1.396,1.173,1.22
38.22,0.086,0.086,0.081,1.395,1.489,1.607,1.438,1.409,1.46,1.244,1.232,1.131,1.391,1.634,1.72,1.595,1.486,1.543,1.513,1.363,1.383,1.451,1.398,1.254,1.319,1.612,1.674,1.475,1.395,1.338,1.361,1.358,1.34,1.229,1.22,1.154
38.34,0.083,0.084,0.078,1.418,1.466,1.64,1.48,1.446,1.495,1.278,1.282,1.115,1.51,1.74,1.801,1.706,1.631,1.692,1.621,1.509,1.465,1.585,1.512,1.282,1.424,1.752,1.775,1.662,1.54,1.501,1.458,1.428,1.448,1.437,1.228,1.227
38.46,0.085,0.086,0.082,1.431,1.504,1.62,1.466,1.422,1.488,1.253,1.235,1.125,1.358,1.719,1.757,1.657,1.626,1.629,1.507,1.44,1.367,1.527,1.49,1.263,1.309,1.696,1.755,1.561,1.501,1.408,1.37,1.368,1.404,1.405,1.203,1.198
38.58,0.084,0.084,0.082,1.41,1.51,1.604,1.538,1.417,1.476,1.266,1.246,1.12,1.382,1.735,1.778,1.666,1.681,1.682,1.576,1.522,1.354,1.54,1.491,1.285,1.336,1.71,1.778,1.622,1.523,1.443,1.394,1.43,1.433,1.418,1.196,1.211
38.7,0.083,0.083,0.081,1.404,1.493,1.618,1.455,1.415,1.477,1.265,1.26,1.108,1.377,1.75,1.802,1.733,1.686,1.711,1.619,1.536,1.339,1.559,1.474,1.287,1.282,1.757,1.81,1.651,1.562,1.54,1.438,1.413,1.436,1.334,1.202,1.223
38.82,0.084,0.083,0.081,1.376,1.454,1.531,1.427,1.367,1.42,1.228,1.211,1.118,1.397,1.578,1.593,1.541,1.417,1.482,1.398,1.29,1.419,1.367,1.359,1.223,1.312,1.545,1.542,1.396,1.286,1.228,1.202,1.208,1.199,1.2,1.206,1.141
38.94,0.084,0.084,0.082,1.419,1.516,1.595,1.522,1.425,1.486,1.26,1.243,1.116,1.382,1.723,1.731,1.72,1.656,1.708,1.64,1.488,1.365,1.564,1.493,1.269,1.343,1.725,1.739,1.611,1.514,1.45,1.412,1.404,1.441,1.441,1.212,1.202
39.06,0.085,0.085,0.08,1.406,1.506,1.592,1.461,1.421,1.486,1.273,1.234,1.123,1.38,1.708,1.783,1.7,1.619,1.684,1.59,1.418,1.374,1.538,1.423,1.266,1.321,1.737,1.751,1.615,1.497,1.443,1.392,1.415,1.418,1.413,1.22,1.196
39.18,0.086,0.084,0.082,1.408,1.492,1.555,1.451,1.42,1.479,1.262,1.234,1.124,1.411,1.706,1.766,1.637,1.599,1.625,1.544,1.426,1.374,1.48,1.417,1.268,1.342,1.67,1.762,1.583,1.491,1.394,1.394,1.39,1.42,1.317,1.256,1.188
39.3,0.087,0.084,0.081,1.422,1.491,1.599,1.475,1.427,1.489,1.272,1.26,1.115,1.417,1.727,1.769,1.716,1.66,1.7,1.589,1.524,1.368,1.558,1.485,1.287,1.366,1.694,1.778,1.628,1.536,1.46,1.409,1.453,1.421,1.428,1.21,1.218
39.42,0.085,0.084,0.08,1.412,1.513,1.584,1.465,1.427,1.49,1.282,1.245,1.126,1.402,1.732,1.798,1.72,1.699,1.7,1.612,1.504,1.402,1.549,1.498,1.283,1.33,1.77,1.808,1.667,1.577,1.524,1.428,1.437,1.399,1.279,1.242,1.201
39.53,0.085,0.084,0.08,1.411,1.494,1.586,1.435,1.408,1.458,1.256,1.23,1.123,1.415,1.709,1.729,1.64,1.602,1.572,1.468,1.422,1.398,1.469,1.403,1.223,1.334,1.661,1.738,1.565,1.446,1.374,1.377,1.333,1.396,1.307,1.251,1.144
39.65,0.086,0.084,0.081,1.42,1.51,1.64,1.446,1.429,1.482,1.272,1.248,1.108,1.385,1.768,1.856,1.754,1.741,1.753,1.693,1.57,1.47,1.59,1.491,1.294,1.44,1.779,1.839,1.693,1.614,1.58,1.45,1.46,1.454,1.392,1.174,1.208
39.77,0.086,0.086,0.083,1.417,1.505,1.623,1.525,1.427,1.474,1.266,1.228,1.1,1.366,1.742,1.824,1.714,1.7,1.664,1.624,1.519,1.368,1.55,1.429,1.268,1.317,1.756,1.815,1.644,1.579,1.474,1.425,1.405,1.462,1.31,1.228,1.193
39.89,0.085,0.085,0.082,1.418,1.509,1.613,1.475,1.43,1.483,1.277,1.242,1.106,1.375,1.746,1.814,1.679,1.706,1.666,1.583,1.51,1.464,1.57,1.525,1.277,1.328,1.773,1.826,1.675,1.588,1.486,1.438,1.44,1.415,1.434,1.192,1.209
40.01,0.081,0.082,0.08,1.427,1.48,1.648,1.46,1.414,1.48,1.275,1.244,1.1,1.405,1.756,1.772,1.679,1.699,1.698,1.624,1.551,1.402,1.58,1.439,1.268,1.359,1.755,1.796,1.658,1.572,1.507,1.456,1.434,1.433,1.345,1.249,1.196
40.13,0.085,0.086,0.081,1.414,1.517,1.622,1.518,1.428,1.48,1.281,1.244,1.101,1.381,1.768,1.831,1.774,1.732,1.744,1.678,1.582,1.485,1.608,1.496,1.285,1.302,1.789,1.831,1.735,1.646,1.592,1.448,1.481,1.494,1.356,1.216,1.215
40.25,0.086,0.086,0.082,1.427,1.521,1.616,1.463,1.427,1.485,1.272,1.228,1.111,1.366,1.78,1.841,1.745,1.728,1.719,1.646,1.554,1.473,1.595,1.516,1.278,1.401,1.804,1.843,1.716,1.644,1.552,1.465,1.479,1.469,1.366,1.227,1.206
40.37,0.084,0.084,0.079,1.428,1.478,1.629,1.474,1.444,1.496,1.291,1.244,1.111,1.414,1.746,1.846,1.727,1.718,1.75,1.632,1.513,1.502,1.613,1.491,1.289,1.333,1.794,1.85,1.698,1.611,1.59,1.473,1.45,1.488,1.455,1.252,1.225
40.49,0.083,0.082,0.079,1.432,1.513,1.635,1.458,1.435,1.483,1.288,1.257,1.095,1.433,1.778,1.853,1.777,1.764,1.779,1.696,1.61,1.504,1.639,1.516,1.284,1.345,1.82,1.861,1.748,1.67,1.626,1.522,1.465,1.504,1.464,1.258,1.211
40.61,0.087,0.085,0.082,1.412,1.509,1.631,1.466,1.429,1.48,1.277,1.246,1.098,1.41,1.787,1.874,1.786,1.738,1.79,1.678,1.613,1.385,1.611,1.536,1.275,1.347,1.805,1.861,1.738,1.644,1.606,1.487,1.467,1.449,1.444,1.25,1.208
40.73,0.086,0.085,0.082,1.406,1.485,1.592,1.457,1.425,1.48,1.266,1.227,1.098,1.404,1.741,1.815,1.725,1.71,1.681,1.581,1.519,1.4,1.548,1.504,1.255,1.352,1.781,1.833,1.661,1.568,1.504,1.426,1.425,1.459,1.447,1.247,1.194
40.85,0.083,0.084,0.079,1.423,1.52,1.645,1.472,1.434,1.485,1.284,1.225,1.095,1.416,1.77,1.868,1.777,1.757,1.738,1.683,1.628,1.493,1.634,1.511,1.27,1.44,1.814,1.871,1.709,1.657,1.596,1.498,1.51,1.411,1.461,1.256,1.216
40.97,0.085,0.084,0.083,1.413,1.494,1.607,1.477,1.428,1.479,1.283,1.247,1.096,1.386,1.768,1.864,1.753,1.736,1.731,1.721,1.59,1.388,1.57,1.509,1.284,1.333,1.822,1.87,1.719,1.653,1.597,1.497,1.479,1.424,1.442,1.251,1.206
41.09,0.086,0.084,0.081,1.428,1.516,1.635,1.458,1.426,1.473,1.268,1.224,1.083,1.427,1.786,1.879,1.766,1.738,1.802,1.72,1.602,1.498,1.625,1.53,1.293,1.427,1.833,1.874,1.749,1.665,1.625,1.512,1.49,1.495,1.403,1.234,1.218
41.21,0.086,0.086,0.082,1.39,1.491,1.607,1.466,1.425,1.484,1.272,1.224,1.088,1.415,1.723,1.778,1.694,1.642,1.642,1.58,1.482,1.467,1.541,1.437,1.262,1.357,1.716,1.809,1.614,1.509,1.426,1.424,1.43,1.406,1.421,1.259,1.18
41.33,0.087,0.085,0.082,1.395,1.477,1.596,1.453,1.425,1.476,1.275,1.222,1.096,1.407,1.671,1.786,1.6,1.591,1.578,1.537,1.444,1.441,1.503,1.438,1.256,1.337,1.657,1.744,1.585,1.467,1.38,1.412,1.357,1.388,1.408,1.3,1.179
41.44,0.085,0.085,0.082,1.418,1.476,1.614,1.465,1.43,1.478,1.272,1.236,1.071,1.388,1.714,1.712,1.716,1.664,1.713,1.643,1.553,1.485,1.619,1.528,1.275,1.34,1.723,1.742,1.657,1.561,1.523,1.447,1.451,1.443,1.41,1.292,1.201
41.56,0.085,0.086,0.081,1.407,1.464,1.599,1.461,1.43,1.476,1.273,1.228,1.085,1.394,1.706,1.749,1.733,1.624,1.681,1.6,1.512,1.389,1.546,1.497,1.262,1.347,1.718,1.75,1.626,1.526,1.498,1.415,1.398,1.453,1.449,1.272,1.197
41.68,0.086,0.085,0.082,1.417,1.513,1.618,1.469,1.432,1.481,1.274,1.228,1.085,1.429,1.76,1.807,1.769,1.745,1.728,1.683,1.626,1.402,1.596,1.519,1.282,1.365,1.808,1.832,1.698,1.631,1.591,1.494,1.472,1.465,1.45,1.24,1.213
41.8,0.085,0.084,0.08,1.4,1.504,1.617,1.458,1.422,1.482,1.277,1.229,1.085,1.436,1.754,1.822,1.738,1.752,1.734,1.616,1.566,1.408,1.588,1.501,1.272,1.374,1.795,1.86,1.721,1.646,1.593,1.477,1.412,1.472,1.457,1.254,1.213
41.92,0.087,0.086,0.082,1.4,1.47,1.621,1.462,1.433,1.483,1.291,1.234,1.085,1.438,1.796,1.879,1.762,1.766,1.748,1.692,1.617,1.482,1.624,1.523,1.282,1.372,1.822,1.856,1.741,1.675,1.611,1.481,1.499,1.434,1.428,1.245,1.207
42.04,0.088,0.086,0.082,1.406,1.46,1.603,1.459,1.431,1.48,1.282,1.216,1.078,1.38,1.785,1.861,1.77,1.754,1.741,1.689,1.587,1.401,1.61,1.502,1.274,1.342,1.8,1.874,1.729,1.654,1.626,1.5,1.466,1.456,1.428,1.224,1.196
42.16,0.085,0.086,0.081,1.427,1.472,1.611,1.478,1.437,1.488,1.264,1.21,1.07,1.384,1.774,1.866,1.759,1.739,1.774,1.704,1.631,1.514,1.648,1.518,1.274,1.337,1.808,1.869,1.77,1.687,1.643,1.518,1.524,1.506,1.409,1.273,1.212
42.28,0.084,0.082,0.08,1.404,1.5,1.579,1.453,1.428,1.479,1.276,1.206,1.066,1.446,1.758,1.858,1.745,1.744,1.768,1.687,1.608,1.482,1.61,1.533,1.27,1.353,1.776,1.864,1.758,1.673,1.618,1.501,1.481,1.457,1.265,1.238,1.189
42.4,0.085,0.085,0.081,1.406,1.456,1.625,1.462,1.432,1.485,1.285,1.217,1.076,1.405,1.74,1.796,1.693,1.692,1.671,1.581,1.561,1.393,1.582,1.534,1.279,1.329,1.748,1.842,1.677,1.613,1.588,1.481,1.431,1.424,1.313,1.226,1.209
42.52,0.084,0.084,0.08,1.367,1.49,1.607,1.465,1.425,1.472,1.28,1.214,1.081,1.452,1.726,1.783,1.686,1.662,1.654,1.533,1.455,1.501,1.504,1.461,1.263,1.379,1.691,1.826,1.604,1.53,1.439,1.407,1.409,1.417,1.339,1.289,1.204
42.64,0.085,0.086,0.082,1.39,1.459,1.589,1.457,1.433,1.468,1.257,1.2,1.09,1.412,1.741,1.769,1.72,1.71,1.674,1.65,1.564,1.422,1.569,1.492,1.261,1.351,1.76,1.856,1.68,1.595,1.533,1.498,1.393,1.447,1.467,1.26,1.185
42.76,0.083,0.083,0.08,1.422,1.49,1.626,1.473,1.427,1.485,1.273,1.227,1.086,1.472,1.754,1.736,1.672,1.678,1.684,1.528,1.472,1.446,1.548,1.526,1.257,1.38,1.732,1.817,1.638,1.569,1.519,1.408,1.408,1.466,1.44,1.296,1.189
42.88,0.085,0.085,0.08,1.382,1.472,1.577,1.455,1.434,1.478,1.284,1.222,1.081,1.46,1.779,1.752,1.683,1.655,1.67,1.577,1.525,1.511,1.589,1.531,1.283,1.387,1.773,1.811,1.682,1.594,1.559,1.462,1.426,1.481,1.464,1.273,1.2
43,0.083,0.084,0.08,1.412,1.476,1.629,1.467,1.435,1.486,1.285,1.204,1.064,1.392,1.788,1.827,1.761,1.718,1.758,1.646,1.57,1.522,1.635,1.53,1.273,1.335,1.801,1.828,1.736,1.653,1.634,1.466,1.48,1.484,1.502,1.263,1.207
43.12,0.085,0.083,0.08,1.405,1.463,1.606,1.472,1.434,1.484,1.29,1.217,1.07,1.401,1.764,1.8,1.727,1.7,1.733,1.625,1.591,1.483,1.55,1.503,1.27,1.339,1.783,1.859,1.713,1.643,1.6,1.5,1.495,1.503,1.451,1.259,1.208
43.24,0.087,0.086,0.082,1.417,1.475,1.602,1.457,1.432,1.478,1.263,1.193,1.056,1.443,1.79,1.841,1.752,1.756,1.748,1.61,1.61,1.518,1.65,1.55,1.265,1.351,1.803,1.861,1.738,1.656,1.651,1.524,1.502,1.504,1.515,1.267,1.201
43.36,0.084,0.084,0.081,1.391,1.48,1.606,1.466,1.431,1.486,1.275,1.216,1.072,1.436,1.771,1.782,1.653,1.724,1.658,1.574,1.53,1.518,1.58,1.55,1.259,1.373,1.758,1.846,1.685,1.581,1.544,1.435,1.463,1.464,1.453,1.289,1.193
43.48,0.084,0.083,0.08,1.414,1.464,1.624,1.478,1.441,1.495,1.282,1.208,1.06,1.439,1.804,1.85,1.784,1.792,1.805,1.714,1.615,1.539,1.662,1.535,1.256,1.359,1.816,1.89,1.768,1.709,1.652,1.548,1.508,1.518,1.48,1.369,1.201
43.59,0.085,0.084,0.08,1.414,1.492,1.613,1.491,1.454,1.498,1.292,1.223,1.065,1.431,1.779,1.874,1.785,1.789,1.786,1.703,1.633,1.551,1.68,1.563,1.274,1.358,1.814,1.895,1.773,1.697,1.668,1.547,1.571,1.529,1.454,1.406,1.217
43.71,0.083,0.085,0.08,1.398,1.469,1.6,1.468,1.438,1.48,1.277,1.224,1.049,1.395,1.763,1.827,1.778,1.772,1.774,1.674,1.62,1.423,1.606,1.478,1.27,1.353,1.817,1.87,1.755,1.669,1.631,1.49,1.486,1.464,1.442,1.275,1.208
43.83,0.086,0.085,0.083,1.388,1.48,1.613,1.45,1.43,1.469,1.274,1.208,1.044,1.462,1.793,1.833,1.78,1.783,1.785,1.672,1.604,1.506,1.584,1.538,1.261,1.38,1.813,1.881,1.775,1.678,1.651,1.516,1.502,1.488,1.456,1.286,1.199
43.95,0.087,0.085,0.083,1.39,1.472,1.611,1.473,1.445,1.486,1.28,1.219,1.049,1.41,1.816,1.856,1.756,1.791,1.76,1.643,1.582,1.529,1.648,1.533,1.286,1.35,1.827,1.883,1.768,1.65,1.649,1.479,1.487,1.491,1.426,1.265,1.201
44.07,0.083,0.085,0.082,1.385,1.458,1.578,1.454,1.422,1.462,1.262,1.216,1.024,1.423,1.759,1.823,1.701,1.706,1.649,1.601,1.526,1.439,1.495,1.481,1.236,1.359,1.766,1.886,1.661,1.559,1.514,1.422,1.423,1.452,1.441,1.28,1.156
44.19,0.086,0.085,0.081,1.378,1.454,1.594,1.457,1.432,1.472,1.263,1.203,1.047,1.445,1.73,1.771,1.709,1.706,1.69,1.632,1.569,1.435,1.587,1.52,1.261,1.378,1.723,1.848,1.666,1.598,1.548,1.501,1.466,1.498,1.443,1.306,1.2
44.31,0.086,0.085,0.082,1.386,1.456,1.6,1.459,1.435,1.47,1.26,1.209,1.041,1.454,1.747,1.805,1.744,1.765,1.701,1.626,1.591,1.508,1.597,1.536,1.246,1.38,1.775,1.878,1.709,1.646,1.614,1.503,1.484,1.497,1.468,1.376,1.178
44.43,0.085,0.082,0.08,1.399,1.471,1.597,1.473,1.429,1.474,1.274,1.215,1.037,1.443,1.717,1.752,1.666,1.643,1.653,1.57,1.49,1.519,1.53,1.461,1.257,1.387,1.74,1.819,1.672,1.592,1.54,1.447,1.449,1.448,1.392,1.312,1.204
44.55,0.086,0.085,0.081,1.395,1.469,1.616,1.472,1.437,1.476,1.262,1.198,1.03,1.411,1.776,1.81,1.768,1.758,1.743,1.681,1.624,1.527,1.641,1.527,1.262,1.354,1.8,1.873,1.768,1.669,1.632,1.546,1.518,1.516,1.484,1.298,1.206
44.67,0.083,0.081,0.078,1.405,1.48,1.581,1.481,1.434,1.485,1.278,1.226,1.02,1.441,1.768,1.799,1.764,1.766,1.775,1.66,1.597,1.452,1.579,1.514,1.241,1.373,1.797,1.864,1.759,1.652,1.614,1.501,1.49,1.487,1.481,1.36,1.203
44.79,0.085,0.084,0.081,1.391,1.501,1.595,1.463,1.43,1.474,1.262,1.199,1.021,1.43,1.756,1.782,1.75,1.738,1.73,1.663,1.599,1.53,1.61,1.549,1.25,1.37,1.796,1.858,1.723,1.62,1.628,1.53,1.486,1.466,1.465,1.294,1.198
44.91,0.085,0.084,0.081,1.418,1.477,1.611,1.482,1.444,1.482,1.266,1.188,0.998,1.44,1.764,1.847,1.748,1.789,1.751,1.688,1.602,1.552,1.657,1.546,1.245,1.379,1.837,1.881,1.754,1.668,1.673,1.511,1.499,1.52,1.505,1.312,1.206
45.03,0.086,0.083,0.082,1.366,1.427,1.566,1.447,1.418,1.448,1.244,1.189,1.012,1.435,1.769,1.829,1.69,1.738,1.737,1.618,1.591,1.449,1.584,1.534,1.255,1.376,1.789,1.88,1.748,1.653,1.622,1.515,1.501,1.467,1.484,1.301,1.207
45.15,0.086,0.085,0.082,1.367,1.467,1.6,1.464,1.439,1.481,1.274,1.205,0.995,1.456,1.757,1.772,1.744,1.729,1.778,1.689,1.599,1.537,1.649,1.55,1.253,1.359,1.765,1.869,1.686,1.655,1.597,1.529,1.538,1.543,1.496,1.275,1.202
45.27,0.087,0.085,0.082,1.374,1.468,1.594,1.471,1.44,1.481,1.26,1.193,1.001,1.473,1.775,1.817,1.759,1.74,1.757,1.706,1.606,1.552,1.648,1.53,1.24,1.395,1.784,1.855,1.714,1.668,1.604,1.526,1.544,1.558,1.503,1.425,1.206
45.39,0.087,0.085,0.083,1.378,1.452,1.602,1.463,1.433,1.468,1.257,1.189,0.985,1.405,1.765,1.842,1.771,1.753,1.756,1.691,1.631,1.545,1.617,1.564,1.259,1.35,1.798,1.856,1.71,1.647,1.644,1.533,1.525,1.516,1.494,1.385,1.196
45.51,0.085,0.083,0.08,1.385,1.457,1.599,1.468,1.439,1.484,1.282,1.206,0.99,1.4,1.78,1.808,1.747,1.73,1.729,1.694,1.598,1.55,1.63,1.54,1.267,1.345,1.795,1.84,1.719,1.633,1.614,1.535,1.539,1.545,1.512,1.285,1.206
45.63,0.086,0.084,0.081,1.381,1.47,1.585,1.467,1.44,1.478,1.268,1.206,0.969,1.493,1.731,1.821,1.755,1.782,1.723,1.701,1.602,1.495,1.606,1.523,1.253,1.4,1.78,1.854,1.74,1.648,1.62,1.519,1.513,1.527,1.49,1.305,1.174
45.75,0.084,0.084,0.08,1.403,1.472,1.59,1.483,1.434,1.477,1.262,1.208,0.972,1.427,1.73,1.776,1.64,1.711,1.66,1.588,1.529,1.476,1.553,1.49,1.242,1.361,1.742,1.851,1.697,1.607,1.566,1.491,1.486,1.474,1.472,1.331,1.196
45.86,0.085,0.083,0.079,1.408,1.474,1.597,1.48,1.443,1.474,1.266,1.203,0.976,1.443,1.76,1.765,1.715,1.763,1.751,1.66,1.639,1.556,1.622,1.537,1.247,1.36,1.76,1.856,1.706,1.653,1.627,1.536,1.544,1.552,1.473,1.322,1.199
45.98,0.088,0.085,0.081,1.383,1.48,1.606,1.478,1.444,1.49,1.262,1.197,0.965,1.463,1.79,1.835,1.792,1.831,1.799,1.732,1.643,1.562,1.68,1.558,1.251,1.364,1.821,1.882,1.794,1.73,1.698,1.576,1.578,1.565,1.55,1.406,1.192
46.1,0.084,0.083,0.08,1.411,1.476,1.605,1.483,1.448,1.492,1.257,1.203,0.955,1.433,1.786,1.829,1.755,1.761,1.794,1.654,1.623,1.58,1.651,1.56,1.25,1.364,1.779,1.877,1.771,1.686,1.674,1.561,1.502,1.521,1.495,1.376,1.195
46.22,0.086,0.085,0.082,1.384,1.457,1.566,1.471,1.428,1.469,1.257,1.199,0.965,1.432,1.717,1.76,1.622,1.688,1.653,1.56,1.529,1.586,1.562,1.534,1.238,1.361,1.725,1.835,1.711,1.583,1.543,1.472,1.472,1.459,1.472,1.321,1.198
46.34,0.084,0.082,0.08,1.405,1.477,1.608,1.487,1.44,1.49,1.268,1.216,0.961,1.48,1.752,1.792,1.676,1.762,1.714,1.676,1.571,1.567,1.582,1.561,1.231,1.389,1.743,1.878,1.708,1.62,1.63,1.524,1.534,1.482,1.508,1.328,1.188
46.46,0.082,0.082,0.08,1.401,1.473,1.592,1.485,1.443,1.482,1.274,1.209,0.951,1.465,1.794,1.842,1.775,1.818,1.797,1.689,1.669,1.572,1.684,1.579,1.254,1.378,1.819,1.897,1.781,1.702,1.708,1.581,1.568,1.558,1.514,1.428,1.205
46.58,0.088,0.086,0.083,1.387,1.448,1.571,1.463,1.424,1.464,1.259,1.204,0.949,1.478,1.731,1.808,1.699,1.737,1.683,1.582,1.554,1.478,1.527,1.53,1.234,1.397,1.792,1.865,1.727,1.65,1.591,1.503,1.463,1.481,1.461,1.309,1.172
46.7,0.082,0.083,0.08,1.403,1.474,1.583,1.495,1.442,1.489,1.252,1.206,0.941,1.442,1.77,1.813,1.735,1.801,1.735,1.659,1.622,1.586,1.64,1.57,1.233,1.366,1.804,1.876,1.763,1.69,1.654,1.568,1.552,1.554,1.531,1.387,1.194
46.82,0.083,0.082,0.079,1.41,1.478,1.601,1.48,1.446,1.478,1.269,1.209,0.923,1.486,1.738,1.768,1.706,1.746,1.718,1.657,1.598,1.556,1.601,1.54,1.226,1.386,1.78,1.879,1.74,1.684,1.625,1.538,1.514,1.551,1.496,1.332,1.204
46.94,0.085,0.083,0.079,1.4,1.467,1.579,1.478,1.435,1.473,1.253,1.188,0.929,1.418,1.774,1.798,1.729,1.782,1.729,1.575,1.59,1.552,1.611,1.566,1.238,1.368,1.791,1.885,1.749,1.685,1.656,1.545,1.522,1.547,1.484,1.396,1.195
47.06,0.083,0.082,0.08,1.379,1.449,1.56,1.462,1.42,1.453,1.254,1.211,0.92,1.501,1.691,1.673,1.56,1.604,1.576,1.531,1.46,1.527,1.504,1.456,1.228,1.403,1.661,1.783,1.603,1.495,1.419,1.416,1.415,1.392,1.348,1.309,1.163
47.18,0.087,0.085,0.082,1.4,1.457,1.583,1.466,1.437,1.482,1.253,1.189,0.921,1.456,1.746,1.735,1.774,1.733,1.734,1.657,1.61,1.535,1.611,1.576,1.237,1.373,1.714,1.839,1.676,1.641,1.629,1.538,1.536,1.55,1.503,1.342,1.198
47.3,0.081,0.079,0.077,1.393,1.459,1.604,1.487,1.444,1.478,1.251,1.198,0.911,1.496,1.721,1.798,1.725,1.717,1.721,1.627,1.589,1.589,1.575,1.545,1.228,1.399,1.732,1.854,1.692,1.61,1.57,1.493,1.501,1.475,1.498,1.354,1.182
47.42,0.086,0.086,0.081,1.392,1.465,1.59,1.463,1.427,1.469,1.248,1.19,0.907,1.492,1.751,1.813,1.782,1.802,1.784,1.702,1.602,1.587,1.623,1.574,1.234,1.392,1.808,1.886,1.763,1.694,1.69,1.572,1.604,1.56,1.518,1.334,1.185
47.54,0.084,0.082,0.079,1.402,1.47,1.589,1.466,1.443,1.483,1.252,1.209,0.908,1.466,1.755,1.705,1.707,1.772,1.709,1.645,1.596,1.563,1.625,1.55,1.224,1.372,1.763,1.872,1.75,1.673,1.645,1.528,1.481,1.53,1.5,1.412,1.186
47.66,0.084,0.083,0.079,1.4,1.48,1.576,1.488,1.436,1.483,1.263,1.204,0.894,1.503,1.772,1.773,1.743,1.774,1.764,1.682,1.614,1.567,1.628,1.557,1.231,1.398,1.788,1.89,1.769,1.695,1.672,1.58,1.527,1.574,1.512,1.407,1.192
47.78,0.085,0.085,0.08,1.403,1.469,1.588,1.482,1.446,1.486,1.258,1.199,0.898,1.456,1.783,1.829,1.757,1.806,1.787,1.717,1.663,1.581,1.687,1.564,1.228,1.374,1.793,1.909,1.769,1.702,1.703,1.618,1.587,1.599,1.548,1.455,1.2
47.9,0.082,0.084,0.078,1.402,1.475,1.589,1.481,1.443,1.478,1.268,1.211,0.893,1.438,1.752,1.82,1.727,1.768,1.783,1.695,1.597,1.589,1.578,1.565,1.237,1.363,1.801,1.886,1.778,1.703,1.688,1.567,1.557,1.566,1.498,1.337,1.196
