User: USER,Path: C:\Program Files\BMG\Omega\User\Data\,Test run no.: 6278,,,,,,,,,,,,,,,,,,,,,,,,,,,,,,,,,,,,,,,,,,,,,,,,,,,,,,,,,,,,,,,,,,,,,,,,,,,,,,,,,,,,,,,,,,,,,,,,,,,,,,,,,,,,,,,,,,,,,,,,,,,,,,,,,,,,,,,,,,,,,,,,,,,,,,,,,,,,,,,,,,,,,,,,,,,,,,,,,,,,,,,,,,,,,,,,,,,,,,,,,,,,,,,,,,,,,,,,,,,,,,,,,,,,,,,,,,,,,,,,,,,,,,,,,,,,,,,,,,,,,,,,,,,,,,,,,,,,,,,,,,,,,,,,,,,,,,,,,,,,,,,,,,,,,,,,,,,,,,,,,,,,,,,,,,,,,,,,,,,,,,,,,
Test name: 24 well yeast CB,Date: 23/06/2023,Time: 15:35:03,,,,,,,,,,,,,,,,,,,,,,,,,,,,,,,,,,,,,,,,,,,,,,,,,,,,,,,,,,,,,,,,,,,,,,,,,,,,,,,,,,,,,,,,,,,,,,,,,,,,,,,,,,,,,,,,,,,,,,,,,,,,,,,,,,,,,,,,,,,,,,,,,,,,,,,,,,,,,,,,,,,,,,,,,,,,,,,,,,,,,,,,,,,,,,,,,,,,,,,,,,,,,,,,,,,,,,,,,,,,,,,,,,,,,,,,,,,,,,,,,,,,,,,,,,,,,,,,,,,,,,,,,,,,,,,,,,,,,,,,,,,,,,,,,,,,,,,,,,,,,,,,,,,,,,,,,,,,,,,,,,,,,,,,,,,,,,,,,,,,,,,,,
ID1: 230623 CB Plastic metabolism,,,,,,,,,,,,,,,,,,,,,,,,,,,,,,,,,,,,,,,,,,,,,,,,,,,,,,,,,,,,,,,,,,,,,,,,,,,,,,,,,,,,,,,,,,,,,,,,,,,,,,,,,,,,,,,,,,,,,,,,,,,,,,,,,,,,,,,,,,,,,,,,,,,,,,,,,,,,,,,,,,,,,,,,,,,,,,,,,,,,,,,,,,,,,,,,,,,,,,,,,,,,,,,,,,,,,,,,,,,,,,,,,,,,,,,,,,,,,,,,,,,,,,,,,,,,,,,,,,,,,,,,,,,,,,,,,,,,,,,,,,,,,,,,,,,,,,,,,,,,,,,,,,,,,,,,,,,,,,,,,,,,,,,,,,,,,,,,,,,,,,,,,,,
Absorbance,,,,,,,,,,,,,,,,,,,,,,,,,,,,,,,,,,,,,,,,,,,,,,,,,,,,,,,,,,,,,,,,,,,,,,,,,,,,,,,,,,,,,,,,,,,,,,,,,,,,,,,,,,,,,,,,,,,,,,,,,,,,,,,,,,,,,,,,,,,,,,,,,,,,,,,,,,,,,,,,,,,,,,,,,,,,,,,,,,,,,,,,,,,,,,,,,,,,,,,,,,,,,,,,,,,,,,,,,,,,,,,,,,,,,,,,,,,,,,,,,,,,,,,,,,,,,,,,,,,,,,,,,,,,,,,,,,,,,,,,,,,,,,,,,,,,,,,,,,,,,,,,,,,,,,,,,,,,,,,,,,,,,,,,,,,,,,,,,,,,,,,,,,,
,,,,,,,,,,,,,,,,,,,,,,,,,,,,,,,,,,,,,,,,,,,,,,,,,,,,,,,,,,,,,,,,,,,,,,,,,,,,,,,,,,,,,,,,,,,,,,,,,,,,,,,,,,,,,,,,,,,,,,,,,,,,,,,,,,,,,,,,,,,,,,,,,,,,,,,,,,,,,,,,,,,,,,,,,,,,,,,,,,,,,,,,,,,,,,,,,,,,,,,,,,,,,,,,,,,,,,,,,,,,,,,,,,,,,,,,,,,,,,,,,,,,,,,,,,,,,,,,,,,,,,,,,,,,,,,,,,,,,,,,,,,,,,,,,,,,,,,,,,,,,,,,,,,,,,,,,,,,,,,,,,,,,,,,,,,,,,,,,,,,,,,,,,,
Well Row,Well Col,Content,Raw Data (600),Raw Data (600),Raw Data (600),Raw Data (600),Raw Data (600),Raw Data (600),Raw Data (600),Raw Data (600),Raw Data (600),Raw Data (600),Raw Data (600),Raw Data (600),Raw Data (600),Raw Data (600),Raw Data (600),Raw Data (600),Raw Data (600),Raw Data (600),Raw Data (600),Raw Data (600),Raw Data (600),Raw Data (600),Raw Data (600),Raw Data (600),Raw Data (600),Raw Data (600),Raw Data (600),Raw Data (600),Raw Data (600),Raw Data (600),Raw Data (600),Raw Data (600),Raw Data (600),Raw Data (600),Raw Data (600),Raw Data (600),Raw Data (600),Raw Data (600),Raw Data (600),Raw Data (600),Raw Data (600),Raw Data (600),Raw Data (600),Raw Data (600),Raw Data (600),Raw Data (600),Raw Data (600),Raw Data (600),Raw Data (600),Raw Data (600),Raw Data (600),Raw Data (600),Raw Data (600),Raw Data (600),Raw Data (600),Raw Data (600),Raw Data (600),Raw Data (600),Raw Data (600),Raw Data (600),Raw Data (600),Raw Data (600),Raw Data (600),Raw Data (600),Raw Data (600),Raw Data (600),Raw Data (600),Raw Data (600),Raw Data (600),Raw Data (600),Raw Data (600),Raw Data (600),Raw Data (600),Raw Data (600),Raw Data (600),Raw Data (600),Raw Data (600),Raw Data (600),Raw Data (600),Raw Data (600),Raw Data (600),Raw Data (600),Raw Data (600),Raw Data (600),Raw Data (600),Raw Data (600),Raw Data (600),Raw Data (600),Raw Data (600),Raw Data (600),Raw Data (600),Raw Data (600),Raw Data (600),Raw Data (600),Raw Data (600),Raw Data (600),Raw Data (600),Raw Data (600),Raw Data (600),Raw Data (600),Raw Data (600),Raw Data (600),Raw Data (600),Raw Data (600),Raw Data (600),Raw Data (600),Raw Data (600),Raw Data (600),Raw Data (600),Raw Data (600),Raw Data (600),Raw Data (600),Raw Data (600),Raw Data (600),Raw Data (600),Raw Data (600),Raw Data (600),Raw Data (600),Raw Data (600),Raw Data (600),Raw Data (600),Raw Data (600),Raw Data (600),Raw Data (600),Raw Data (600),Raw Data (600),Raw Data (600),Raw Data (600),Raw Data (600),Raw Data (600),Raw Data (600),Raw Data (600),Raw Data (600),Raw Data (600),Raw Data (600),Raw Data (600),Raw Data (600),Raw Data (600),Raw Data (600),Raw Data (600),Raw Data (600),Raw Data (600),Raw Data (600),Raw Data (600),Raw Data (600),Raw Data (600),Raw Data (600),Raw Data (600),Raw Data (600),Raw Data (600),Raw Data (600),Raw Data (600),Raw Data (600),Raw Data (600),Raw Data (600),Raw Data (600),Raw Data (600),Raw Data (600),Raw Data (600),Raw Data (600),Raw Data (600),Raw Data (600),Raw Data (600),Raw Data (600),Raw Data (600),Raw Data (600),Raw Data (600),Raw Data (600),Raw Data (600),Raw Data (600),Raw Data (600),Raw Data (600),Raw Data (600),Raw Data (600),Raw Data (600),Raw Data (600),Raw Data (600),Raw Data (600),Raw Data (600),Raw Data (600),Raw Data (600),Raw Data (600),Raw Data (600),Raw Data (600),Raw Data (600),Raw Data (600),Raw Data (600),Raw Data (600),Raw Data (600),Raw Data (600),Raw Data (600),Raw Data (600),Raw Data (600),Raw Data (600),Raw Data (600),Raw Data (600),Raw Data (600),Raw Data (600),Raw Data (600),Raw Data (600),Raw Data (600),Raw Data (600),Raw Data (600),Raw Data (600),Raw Data (600),Raw Data (600),Raw Data (600),Raw Data (600),Raw Data (600),Raw Data (600),Raw Data (600),Raw Data (600),Raw Data (600),Raw Data (600),Raw Data (600),Raw Data (600),Raw Data (600),Raw Data (600),Raw Data (600),Raw Data (600),Raw Data (600),Raw Data (600),Raw Data (600),Raw Data (600),Raw Data (600),Raw Data (600),Raw Data (600),Raw Data (600),Raw Data (600),Raw Data (600),Raw Data (600),Raw Data (600),Raw Data (600),Raw Data (600),Raw Data (600),Raw Data (600),Raw Data (600),Raw Data (600),Raw Data (600),Raw Data (600),Raw Data (600),Raw Data (600),Raw Data (600),Raw Data (600),Raw Data (600),Raw Data (600),Raw Data (600),Raw Data (600),Raw Data (600),Raw Data (600),Raw Data (600),Raw Data (600),Raw Data (600),Raw Data (600),Raw Data (600),Raw Data (600),Raw Data (600),Raw Data (600),Raw Data (600),Raw Data (600),Raw Data (600),Raw Data (600),Raw Data (600),Raw Data (600),Raw Data (600),Raw Data (600),Raw Data (600),Raw Data (600),Raw Data (600),Raw Data (600),Raw Data (600),Raw Data (600),Raw Data (600),Raw Data (600),Raw Data (600),Raw Data (600),Raw Data (600),Raw Data (600),Raw Data (600),Raw Data (600),Raw Data (600),Raw Data (600),Raw Data (600),Raw Data (600),Raw Data (600),Raw Data (600),Raw Data (600),Raw Data (600),Raw Data (600),Raw Data (600),Raw Data (600),Raw Data (600),Raw Data (600),Raw Data (600),Raw Data (600),Raw Data (600),Raw Data (600),Raw Data (600),Raw Data (600),Raw Data (600),Raw Data (600),Raw Data (600),Raw Data (600),Raw Data (600),Raw Data (600),Raw Data (600),Raw Data (600),Raw Data (600),Raw Data (600),Raw Data (600),Raw Data (600),Raw Data (600),Raw Data (600),Raw Data (600),Raw Data (600),Raw Data (600),Raw Data (600),Raw Data (600),Raw Data (600),Raw Data (600),Raw Data (600),Raw Data (600),Raw Data (600),Raw Data (600),Raw Data (600),Raw Data (600),Raw Data (600),Raw Data (600),Raw Data (600),Raw Data (600),Raw Data (600),Raw Data (600),Raw Data (600),Raw Data (600),Raw Data (600),Raw Data (600),Raw Data (600),Raw Data (600),Raw Data (600),Raw Data (600),Raw Data (600),Raw Data (600),Raw Data (600),Raw Data (600),Raw Data (600)
,,Time,0 h ,0 h 8 min,0 h 16 min,0 h 24 min,0 h 32 min,0 h 40 min,0 h 48 min,0 h 56 min,1 h 4 min,1 h 12 min,1 h 20 min,1 h 28 min,1 h 36 min,1 h 44 min,1 h 52 min,2 h ,2 h 8 min,2 h 16 min,2 h 24 min,2 h 32 min,2 h 40 min,2 h 48 min,2 h 56 min,3 h 4 min,3 h 12 min,3 h 20 min,3 h 28 min,3 h 36 min,3 h 44 min,3 h 52 min,4 h ,4 h 8 min,4 h 16 min,4 h 24 min,4 h 32 min,4 h 40 min,4 h 48 min,4 h 56 min,5 h 4 min,5 h 12 min,5 h 20 min,5 h 28 min,5 h 36 min,5 h 44 min,5 h 52 min,6 h ,6 h 8 min,6 h 16 min,6 h 24 min,6 h 32 min,6 h 40 min,6 h 48 min,6 h 56 min,7 h 4 min,7 h 12 min,7 h 20 min,7 h 28 min,7 h 36 min,7 h 44 min,7 h 52 min,8 h ,8 h 8 min,8 h 16 min,8 h 24 min,8 h 32 min,8 h 40 min,8 h 48 min,8 h 56 min,9 h 4 min,9 h 12 min,9 h 20 min,9 h 28 min,9 h 36 min,9 h 44 min,9 h 52 min,10 h ,10 h 8 min,10 h 16 min,10 h 24 min,10 h 32 min,10 h 40 min,10 h 48 min,10 h 56 min,11 h 4 min,11 h 12 min,11 h 20 min,11 h 28 min,11 h 36 min,11 h 44 min,11 h 52 min,12 h ,12 h 8 min,12 h 16 min,12 h 24 min,12 h 32 min,12 h 40 min,12 h 48 min,12 h 56 min,13 h 4 min,13 h 12 min,13 h 20 min,13 h 28 min,13 h 36 min,13 h 44 min,13 h 52 min,14 h ,14 h 8 min,14 h 16 min,14 h 24 min,14 h 32 min,14 h 40 min,14 h 48 min,14 h 56 min,15 h 4 min,15 h 12 min,15 h 20 min,15 h 28 min,15 h 36 min,15 h 44 min,15 h 52 min,16 h ,16 h 8 min,16 h 16 min,16 h 24 min,16 h 32 min,16 h 40 min,16 h 48 min,16 h 56 min,17 h 4 min,17 h 12 min,17 h 20 min,17 h 28 min,17 h 36 min,17 h 44 min,17 h 52 min,18 h ,18 h 8 min,18 h 16 min,18 h 24 min,18 h 32 min,18 h 40 min,18 h 48 min,18 h 56 min,19 h 4 min,19 h 12 min,19 h 20 min,19 h 28 min,19 h 36 min,19 h 44 min,19 h 52 min,20 h ,20 h 8 min,20 h 16 min,20 h 24 min,20 h 32 min,20 h 40 min,20 h 48 min,20 h 56 min,21 h 4 min,21 h 12 min,21 h 20 min,21 h 28 min,21 h 36 min,21 h 44 min,21 h 52 min,22 h ,22 h 8 min,22 h 16 min,22 h 24 min,22 h 32 min,22 h 40 min,22 h 48 min,22 h 56 min,23 h 4 min,23 h 12 min,23 h 20 min,23 h 28 min,23 h 36 min,23 h 44 min,23 h 52 min,24 h ,24 h 8 min,24 h 16 min,24 h 24 min,24 h 32 min,24 h 40 min,24 h 48 min,24 h 56 min,25 h 4 min,25 h 12 min,25 h 20 min,25 h 28 min,25 h 36 min,25 h 44 min,25 h 52 min,26 h ,26 h 8 min,26 h 16 min,26 h 24 min,26 h 32 min,26 h 40 min,26 h 48 min,26 h 56 min,27 h 4 min,27 h 12 min,27 h 20 min,27 h 28 min,27 h 36 min,27 h 44 min,27 h 52 min,28 h ,28 h 8 min,28 h 16 min,28 h 24 min,28 h 32 min,28 h 40 min,28 h 48 min,28 h 56 min,29 h 4 min,29 h 12 min,29 h 20 min,29 h 28 min,29 h 36 min,29 h 44 min,29 h 52 min,30 h ,30 h 8 min,30 h 16 min,30 h 24 min,30 h 32 min,30 h 40 min,30 h 48 min,30 h 56 min,31 h 4 min,31 h 12 min,31 h 20 min,31 h 28 min,31 h 36 min,31 h 44 min,31 h 52 min,32 h ,32 h 8 min,32 h 16 min,32 h 24 min,32 h 32 min,32 h 40 min,32 h 48 min,32 h 56 min,33 h 4 min,33 h 12 min,33 h 20 min,33 h 28 min,33 h 36 min,33 h 44 min,33 h 52 min,34 h ,34 h 8 min,34 h 16 min,34 h 24 min,34 h 32 min,34 h 40 min,34 h 48 min,34 h 56 min,35 h 4 min,35 h 12 min,35 h 20 min,35 h 28 min,35 h 36 min,35 h 44 min,35 h 52 min,36 h ,36 h 8 min,36 h 16 min,36 h 24 min,36 h 32 min,36 h 40 min,36 h 48 min,36 h 56 min,37 h 4 min,37 h 12 min,37 h 20 min,37 h 28 min,37 h 36 min,37 h 44 min,37 h 52 min,38 h ,38 h 8 min,38 h 16 min,38 h 24 min,38 h 32 min,38 h 40 min,38 h 48 min,38 h 56 min,39 h 4 min,39 h 12 min,39 h 20 min,39 h 28 min,39 h 36 min,39 h 44 min,39 h 52 min,40 h ,40 h 8 min,40 h 16 min,40 h 24 min,40 h 32 min,40 h 40 min,40 h 48 min,40 h 56 min,41 h 4 min,41 h 12 min,41 h 20 min,41 h 28 min,41 h 36 min,41 h 44 min,41 h 52 min,42 h ,42 h 8 min,42 h 16 min,42 h 24 min,42 h 32 min,42 h 40 min,42 h 48 min,42 h 56 min,43 h 4 min,43 h 12 min,43 h 20 min,43 h 28 min,43 h 36 min,43 h 44 min,43 h 52 min,44 h ,44 h 8 min,44 h 16 min,44 h 24 min,44 h 32 min,44 h 40 min,44 h 48 min,44 h 56 min,45 h 4 min,45 h 12 min,45 h 20 min,45 h 28 min,45 h 36 min,45 h 44 min,45 h 52 min
A,1,Sample X1,0.2,0.246,0.204,0.308,0.219,0.206,0.282,0.236,0.207,0.212,0.263,0.276,0.278,0.244,0.22,0.309,0.224,0.275,0.228,0.222,0.292,0.225,0.345,0.23,0.225,0.338,0.248,0.24,0.242,0.38,0.249,0.393,0.245,0.282,0.274,0.282,0.321,0.358,0.256,0.289,0.298,0.311,0.295,0.32,0.354,0.334,0.351,0.287,0.326,0.301,0.383,0.363,0.388,0.309,0.345,0.388,0.409,0.411,0.367,0.341,0.407,0.357,0.426,0.409,0.344,0.445,0.469,0.454,0.389,0.416,0.421,0.445,0.505,0.426,0.414,0.442,0.423,0.5,0.44,0.469,0.441,0.517,0.483,0.486,0.498,0.496,0.518,0.475,0.515,0.616,0.52,0.539,0.614,0.556,0.564,0.57,0.523,0.546,0.56,0.579,0.556,0.551,0.553,0.601,0.572,0.626,0.577,0.561,0.565,0.553,0.578,0.581,0.566,0.557,0.589,0.581,0.562,0.622,0.585,0.584,0.598,0.632,0.618,0.645,0.59,0.63,0.594,0.587,0.636,0.605,0.6,0.614,0.615,0.626,0.595,0.629,0.634,0.624,0.598,0.611,0.607,0.633,0.594,0.605,0.572,0.595,0.625,0.606,0.648,0.642,0.612,0.626,0.619,0.58,0.653,0.643,0.674,0.624,0.638,0.987,0.613,0.673,0.601,0.643,0.654,0.658,0.641,0.66,0.646,0.636,0.642,0.633,0.631,0.659,0.657,0.64,0.636,0.633,0.667,0.624,0.633,0.622,0.635,0.905,0.639,0.714,0.632,0.66,0.683,0.671,0.665,0.671,0.646,0.676,0.664,0.688,0.647,0.657,0.911,0.679,0.752,0.649,0.688,0.684,0.696,0.684,0.672,0.684,0.703,0.697,0.703,0.676,0.705,0.679,0.708,0.68,0.697,0.669,0.69,0.733,0.697,0.698,0.682,0.72,0.681,0.725,0.722,0.696,0.708,0.709,0.706,0.669,0.702,0.73,0.674,0.712,0.784,0.76,0.809,0.71,0.72,0.715,0.694,0.716,0.713,0.73,0.708,0.697,0.692,0.71,0.685,0.708,0.828,0.726,0.725,0.733,0.707,0.714,0.704,0.732,0.689,0.712,0.697,0.719,0.705,0.71,0.729,0.72,0.713,0.745,0.71,0.683,0.716,0.727,0.711,0.723,0.714,0.748,0.711,0.733,0.731,0.726,0.731,0.734,0.73,0.741,0.704,0.713,0.714,0.758,0.707,0.733,0.713,0.714,0.727,0.706,0.718,0.713,0.753,0.709,0.722,0.725,0.717,0.712,0.718,0.714,0.734,0.706,0.721,0.737,0.735,0.765,0.732,0.718,0.718,0.723,0.711,0.712,0.696,0.716,0.723,0.698,0.712,0.7,0.717,0.719,0.692,0.703,0.703,0.754,0.69,0.711,0.73,0.743,0.727,0.717,0.706,0.717,0.739,0.709,0.757,0.737,0.732,0.697,0.726
A,2,Sample X2,0.216,0.209,0.214,0.215,0.22,0.217,0.219,0.281,0.224,0.324,0.221,0.245,0.217,0.226,0.233,0.313,0.34,0.234,0.25,0.278,0.249,0.346,0.25,0.245,0.288,0.289,0.252,0.264,0.264,0.248,0.265,0.278,0.286,0.354,0.27,0.289,0.299,0.309,0.282,0.453,0.304,0.341,0.407,0.324,0.305,0.303,0.396,0.36,0.348,0.38,0.377,0.35,0.444,0.353,0.383,0.37,0.431,0.479,0.394,0.412,0.463,0.4,0.505,0.394,0.405,0.427,0.433,0.497,0.51,0.553,0.421,0.432,0.468,0.452,0.483,0.585,0.401,0.473,0.529,0.438,0.469,0.54,0.436,0.559,0.541,0.626,0.514,0.518,0.581,0.621,0.528,0.607,0.56,0.574,0.609,0.531,0.535,0.55,0.594,0.614,0.59,0.548,0.579,0.609,0.6,0.599,0.567,0.575,0.614,0.592,0.59,0.613,0.599,0.595,0.605,0.608,0.555,0.6,0.65,0.77,0.607,0.634,0.644,0.627,0.652,0.635,0.629,0.629,0.656,0.616,0.626,0.656,0.739,0.624,0.638,0.661,0.665,0.652,0.634,0.648,0.664,0.652,0.652,0.64,0.655,0.672,0.679,0.676,0.665,0.666,0.656,0.657,0.655,0.676,0.675,0.644,0.662,0.673,0.672,0.661,0.692,0.656,0.677,0.906,0.682,0.682,0.636,0.684,0.68,0.675,0.704,0.678,0.66,0.71,0.705,0.689,0.676,0.712,0.701,0.688,0.722,0.675,0.68,0.715,0.689,0.718,0.709,0.702,0.705,0.702,0.713,0.715,0.688,0.71,0.741,0.72,0.68,0.705,0.725,0.703,0.753,0.702,0.718,0.736,0.714,0.719,0.73,0.729,0.765,0.737,0.714,0.743,0.755,0.71,0.739,0.738,0.733,0.78,0.756,0.747,0.777,0.715,0.733,0.736,0.744,0.742,0.717,0.745,0.742,0.736,0.728,0.733,0.757,0.758,0.785,0.762,0.728,0.748,0.732,0.771,0.741,0.744,0.741,0.76,0.761,0.769,0.727,0.778,0.744,0.763,0.764,0.752,0.761,0.726,0.81,0.775,0.759,0.759,0.77,0.77,0.8,0.76,0.76,0.752,0.724,0.751,0.764,0.752,0.834,0.765,0.751,0.744,0.743,0.777,0.739,0.786,0.768,0.764,0.777,0.744,0.767,0.758,0.756,0.741,0.739,0.754,0.764,0.769,0.759,0.809,0.734,0.766,0.732,0.771,0.758,0.759,0.773,0.779,0.777,0.754,0.744,0.807,0.778,0.747,0.783,0.75,0.765,0.776,0.763,0.763,0.764,0.795,0.764,0.775,0.771,0.757,0.757,0.745,0.772,0.78,0.769,0.72,0.765,0.758,0.785,0.747,0.769,0.757,0.728,0.766,0.772,0.749,0.783,0.76,0.768,0.76,0.763,0.767,0.796,0.75,0.772,0.746,0.76,0.761,0.776
A,3,Sample X3,0.215,0.218,0.228,0.359,0.329,0.223,0.242,0.264,0.235,0.342,0.273,0.244,0.248,0.267,0.286,0.265,0.244,0.307,0.36,0.249,0.304,0.268,0.258,0.279,0.26,0.287,0.27,0.312,0.268,0.265,0.302,0.291,0.281,0.311,0.298,0.43,0.326,0.362,0.332,0.295,0.328,0.354,0.356,0.316,0.373,0.398,0.363,0.362,0.496,0.542,0.396,0.387,0.463,0.386,0.394,0.44,0.526,0.466,0.435,0.42,0.452,0.529,0.48,0.481,0.421,0.5,0.463,0.505,0.511,0.505,0.482,0.511,0.514,0.559,0.532,0.485,0.498,0.556,0.516,0.512,0.526,0.546,0.475,0.552,0.573,0.555,0.594,0.651,0.492,0.669,0.579,0.591,0.581,0.594,0.594,0.606,0.587,0.589,0.611,0.641,0.607,0.586,0.601,0.619,0.609,0.642,0.647,0.605,0.602,0.616,0.61,0.654,0.642,0.647,0.636,0.633,0.616,0.649,0.664,0.647,0.642,0.658,0.662,0.689,0.696,0.651,0.642,0.644,0.665,0.648,0.67,0.684,0.646,0.664,0.642,0.65,0.71,0.671,0.66,0.676,0.705,0.673,0.678,0.66,0.683,0.648,0.719,0.679,0.692,0.667,0.705,0.671,0.681,0.681,0.685,0.692,0.695,0.673,0.699,0.697,0.713,0.686,0.725,0.697,0.692,0.708,0.693,0.692,0.691,0.675,0.731,0.713,0.69,0.7,0.709,0.7,0.679,0.681,0.718,0.718,0.704,0.683,0.724,0.718,0.695,0.716,0.719,0.71,0.708,0.69,0.741,0.713,0.943,0.719,0.732,0.716,0.743,0.74,0.734,0.725,0.717,0.739,0.722,0.757,0.742,0.738,0.74,0.758,0.726,0.728,0.744,0.735,0.757,0.752,0.746,0.748,0.73,0.734,0.753,0.753,0.731,0.772,0.764,0.749,0.73,0.728,0.755,0.745,0.76,0.751,0.768,0.755,0.735,0.773,0.743,0.775,0.761,0.792,0.758,0.781,0.771,0.78,0.748,0.768,0.766,0.765,0.763,0.794,0.761,0.758,0.769,0.743,0.75,0.758,0.779,0.767,0.754,0.771,0.755,0.772,0.789,0.769,0.752,0.794,0.781,0.772,0.775,0.768,0.755,0.785,0.937,0.749,0.775,0.791,0.746,0.773,0.795,0.771,0.775,0.761,0.785,0.794,0.786,0.799,0.777,0.784,0.786,0.801,0.762,0.779,0.758,0.771,0.753,0.782,0.793,0.785,0.78,0.792,0.781,0.776,0.777,0.793,0.775,0.79,0.791,0.786,0.787,0.811,0.788,0.795,0.79,0.802,0.81,0.776,0.781,0.793,0.782,0.766,0.785,0.788,0.766,0.778,0.784,0.762,0.781,0.791,0.796,0.771,0.806,0.804,0.856,0.786,0.779,0.799,0.758,0.78,0.778,0.803,0.8,0.79,0.786,0.787,0.779,0.795,0.796
A,4,Sample X4,0.251,0.243,0.246,0.267,0.24,0.241,0.301,0.281,0.24,0.24,0.243,0.251,0.36,0.253,0.258,0.304,0.346,0.294,0.256,0.374,0.275,0.473,0.318,0.272,0.292,0.358,0.289,0.319,0.3,0.336,0.323,0.297,0.344,0.342,0.321,0.409,0.34,0.382,0.388,0.377,0.414,0.421,0.468,0.371,0.439,0.405,0.5,0.476,0.449,0.494,0.475,0.467,0.494,0.477,0.479,0.485,0.558,0.552,0.534,0.507,0.538,0.631,0.703,0.495,0.503,0.547,0.518,0.532,0.559,0.559,0.565,0.587,0.592,0.588,0.583,0.545,0.498,0.607,0.579,0.562,0.615,0.576,0.576,0.596,0.568,0.588,0.598,0.629,0.551,0.685,0.605,0.617,0.631,0.618,0.641,0.623,0.604,0.67,0.638,0.652,0.633,0.669,0.675,0.667,0.627,0.673,0.684,0.67,0.665,0.651,0.676,0.66,0.669,0.683,0.661,0.699,0.633,0.658,0.723,0.653,0.675,0.674,0.672,0.687,0.704,0.691,0.678,0.67,0.724,0.685,0.69,0.734,0.712,0.689,0.672,0.731,0.742,0.73,0.68,0.705,0.707,0.715,0.712,0.733,0.723,0.715,0.753,0.703,0.726,0.697,0.718,0.716,0.728,0.701,0.719,0.722,0.706,0.729,0.702,0.716,0.723,0.723,0.713,0.732,0.741,0.746,0.717,0.766,0.736,0.71,0.75,0.731,0.724,0.737,0.742,0.732,0.724,0.688,0.739,0.739,0.723,0.709,0.759,0.731,0.741,0.734,0.734,0.766,0.73,0.697,0.751,0.748,0.777,0.75,0.741,0.751,0.772,0.756,0.756,0.749,0.747,0.743,0.76,0.758,0.757,0.781,0.767,0.781,0.761,0.769,0.769,0.756,0.79,0.749,0.773,0.773,0.769,0.769,0.767,0.761,0.749,0.792,0.762,0.793,0.753,0.767,0.74,0.778,0.74,0.737,0.787,0.785,0.782,0.781,0.809,0.781,0.782,0.77,0.801,0.767,0.789,0.782,0.771,0.796,0.784,0.793,0.768,0.792,0.804,0.825,0.76,0.756,0.785,0.805,0.799,0.789,0.79,0.783,0.801,0.771,0.839,0.772,0.792,0.777,0.786,0.779,0.778,0.796,0.806,0.794,0.769,0.751,0.78,0.792,0.752,0.782,0.785,0.791,0.797,0.769,0.813,0.796,0.795,0.796,0.786,0.795,0.808,0.828,0.807,0.781,0.759,0.82,0.776,0.8,0.799,0.776,0.788,0.805,0.795,0.803,0.788,0.784,0.804,0.81,0.778,0.802,0.775,0.796,0.789,0.787,0.813,0.797,0.805,0.79,0.796,0.79,0.81,0.776,0.793,0.805,0.81,0.792,0.793,0.764,0.812,0.815,0.811,0.806,0.803,0.81,0.801,0.799,0.798,0.803,0.807,0.798,0.787,0.819,0.797,0.79,0.82,0.811,0.819,0.825,0.8
A,5,Sample X5,0.219,0.222,0.219,0.232,0.23,0.41,0.259,0.35,0.279,0.276,0.308,0.236,0.24,0.283,0.289,0.29,0.241,0.386,0.347,0.246,0.27,0.258,0.281,0.373,0.267,0.343,0.287,0.284,0.335,0.351,0.371,0.349,0.358,0.384,0.357,0.375,0.37,0.4,0.399,0.331,0.396,0.442,0.422,0.388,0.377,0.426,0.474,0.453,0.417,0.473,0.476,0.428,0.476,0.494,0.453,0.457,0.477,0.477,0.475,0.447,0.489,0.508,0.494,0.507,0.518,0.481,0.523,0.528,0.502,0.512,0.505,0.556,0.497,0.53,0.492,0.507,0.51,0.527,0.512,0.524,0.523,0.646,0.496,0.533,0.537,0.525,0.56,0.535,0.501,0.518,0.572,0.553,0.581,0.543,0.569,0.563,0.557,0.614,0.559,0.57,0.594,0.579,0.58,0.595,0.607,0.59,0.57,0.588,0.638,0.585,0.601,0.608,0.615,0.598,0.62,0.621,0.598,0.97,0.624,0.6,0.616,0.598,0.617,0.606,0.62,0.602,0.621,0.62,0.631,0.628,0.628,0.614,0.62,0.644,0.613,0.623,0.624,0.624,0.629,0.629,0.645,0.633,0.641,0.63,0.653,0.62,0.635,0.633,0.631,0.839,0.625,0.644,0.637,0.628,0.633,0.639,0.656,0.622,0.63,0.645,0.645,0.656,0.636,0.639,0.646,0.627,0.738,0.64,0.646,0.622,0.627,0.634,0.618,0.638,0.627,0.648,0.639,0.645,0.655,0.621,0.626,0.621,0.655,0.642,0.641,1.311,0.652,0.669,0.651,0.632,0.657,0.647,1.08,0.674,0.648,0.655,0.648,0.645,0.66,0.645,0.666,0.662,0.655,0.652,0.703,0.656,0.66,0.657,0.668,0.663,0.68,0.66,0.668,0.665,0.664,0.655,0.66,0.665,0.655,0.678,0.656,0.677,0.678,0.675,0.674,0.671,0.669,0.687,0.69,0.669,0.676,0.697,0.69,0.675,0.662,0.693,0.691,0.69,0.665,0.67,0.668,0.677,0.667,0.671,0.667,0.689,0.666,0.671,0.67,0.679,0.665,0.674,0.673,0.671,0.673,0.673,0.684,0.665,0.664,0.665,0.676,0.68,0.666,0.682,0.678,0.664,0.673,0.671,0.673,0.683,0.677,0.656,0.662,0.669,0.649,0.672,0.665,0.66,0.678,0.661,0.672,0.68,0.693,0.676,0.664,0.679,0.683,0.675,0.678,0.677,0.669,0.684,0.655,0.667,0.673,0.668,0.664,0.662,0.667,0.661,0.672,0.67,0.667,0.665,0.676,0.678,0.662,0.673,0.663,0.671,0.669,0.677,0.661,0.679,0.674,0.667,0.661,0.668,0.663,0.677,0.682,0.671,0.657,0.664,0.678,0.673,0.683,0.676,0.665,0.658,0.669,0.673,0.651,0.667,0.691,0.684,0.659,0.673,0.664,0.663,0.668,0.664,0.664,0.673,0.653
A,6,Sample X6,0.073,0.071,0.071,0.071,0.072,0.072,0.072,0.072,0.071,0.072,0.072,0.072,0.072,0.072,0.072,0.072,0.072,0.072,0.072,0.077,0.072,0.072,0.072,0.072,0.072,0.072,0.072,0.072,0.072,0.072,0.072,0.078,0.072,0.072,0.072,0.072,0.072,0.072,0.072,0.078,0.072,0.072,0.072,0.072,0.072,0.072,0.072,0.072,0.072,0.073,0.072,0.075,0.073,0.073,0.072,0.072,0.072,0.072,0.072,0.072,0.072,0.072,0.072,0.072,0.072,0.072,0.073,0.072,0.073,0.072,0.073,0.072,0.073,0.073,0.072,0.073,0.076,0.072,0.072,0.073,0.072,0.073,0.073,0.073,0.073,0.073,0.072,0.072,0.081,0.086,0.073,0.073,0.073,0.072,0.076,0.072,0.072,0.073,0.073,0.073,0.073,0.073,0.073,0.072,0.073,0.073,0.073,0.073,0.073,0.073,0.074,0.073,0.073,0.073,0.073,0.073,0.086,0.073,0.072,0.087,0.072,0.073,0.073,0.073,0.073,0.073,0.077,0.073,0.073,0.082,0.073,0.073,0.076,0.073,0.081,0.073,0.073,0.073,0.073,0.073,0.073,0.073,0.073,0.073,0.073,0.073,0.073,0.073,0.073,0.073,0.073,0.073,0.073,0.073,0.073,0.073,0.073,0.072,0.073,0.073,0.073,0.073,0.072,0.073,0.073,0.073,0.073,0.081,0.074,0.082,0.073,0.072,0.072,0.073,0.082,0.073,0.073,0.073,0.073,0.073,0.072,0.072,0.073,0.074,0.073,0.077,0.073,0.072,0.073,0.073,0.073,0.073,0.073,0.073,0.073,0.073,0.073,0.073,0.073,0.073,0.073,0.073,0.073,0.073,0.073,0.073,0.073,0.073,0.073,0.073,0.074,0.073,0.073,0.073,0.077,0.072,0.074,0.073,0.073,0.073,0.073,0.073,0.073,0.073,0.073,0.073,0.089,0.074,0.073,0.073,0.073,0.073,0.073,0.073,0.082,0.073,0.073,0.073,0.073,0.073,0.074,0.073,0.073,0.073,0.073,0.073,0.074,0.073,0.073,0.073,0.073,0.072,0.072,0.074,0.073,0.074,0.073,0.074,0.074,0.073,0.073,0.073,0.073,0.073,0.073,0.074,0.073,0.074,0.073,0.074,0.073,0.073,0.073,0.073,0.074,0.073,0.073,0.073,0.072,0.073,0.074,0.073,0.074,0.073,0.073,0.073,0.074,0.072,0.073,0.073,0.074,0.077,0.072,0.082,0.082,0.073,0.073,0.073,0.074,0.073,0.073,0.073,0.073,0.073,0.073,0.073,0.072,0.073,0.074,0.073,0.073,0.073,0.073,0.073,0.073,0.073,0.073,0.073,0.073,0.073,0.073,0.073,0.073,0.073,0.073,0.072,0.073,0.073,0.073,0.073,0.073,0.073,0.073,0.073,0.073,0.073,0.073,0.073,0.073,0.073,0.072,0.075,0.073,0.073,0.073
B,1,Sample X7,0.22,0.225,0.227,0.229,0.221,0.234,0.229,0.23,0.231,0.228,0.229,0.225,0.229,0.231,0.237,0.227,0.235,0.232,0.236,0.24,0.24,0.232,0.24,0.234,0.242,0.241,0.244,0.241,0.244,0.244,0.267,0.241,0.242,0.248,0.243,0.239,0.248,0.249,0.244,0.245,0.249,0.254,0.254,0.251,0.256,0.246,0.25,0.255,0.251,0.253,0.254,0.251,0.26,0.258,0.265,0.259,0.263,0.264,0.258,0.257,0.264,0.264,0.268,0.269,0.269,0.271,0.267,0.273,0.278,0.276,0.28,0.279,0.278,0.281,0.283,0.29,0.28,0.289,0.293,0.293,0.289,0.295,0.293,0.302,0.308,0.295,0.307,0.308,0.317,0.322,0.33,0.313,0.327,0.324,0.323,0.326,0.324,0.327,0.339,0.342,0.348,0.352,0.344,0.355,0.355,0.353,0.369,0.364,0.368,0.386,0.397,0.377,0.387,0.402,0.399,0.412,0.406,0.418,0.418,0.421,0.437,0.446,0.437,0.449,0.449,0.447,0.451,0.461,0.458,0.456,0.448,0.46,0.466,0.467,0.474,0.485,0.48,0.466,0.462,0.467,0.478,0.466,0.475,0.483,0.465,0.468,0.467,0.476,0.486,0.466,0.478,0.481,0.475,0.477,0.476,0.479,0.476,0.478,0.482,0.487,0.492,0.471,0.471,0.471,0.461,0.475,0.465,0.473,0.467,0.469,0.475,0.473,0.481,0.477,0.465,0.475,0.468,0.472,0.481,0.484,0.469,0.475,0.472,0.47,0.481,0.477,0.477,0.474,0.475,0.471,0.468,0.474,0.472,0.474,0.469,0.47,0.471,0.481,0.481,0.475,0.477,0.478,0.477,0.472,0.486,0.474,0.485,0.474,0.473,0.482,0.474,0.478,0.469,0.483,0.476,0.481,0.473,0.474,0.472,0.478,0.479,0.479,0.482,0.482,0.475,0.475,0.477,0.487,0.472,0.473,0.477,0.477,0.473,0.486,0.473,0.478,0.473,0.489,0.46,0.474,0.474,0.473,0.472,0.474,0.48,0.479,0.467,0.472,0.467,0.473,0.47,0.474,0.462,0.462,0.475,0.479,0.475,0.469,0.469,0.47,0.473,0.473,0.474,0.471,0.47,0.476,0.463,0.47,0.476,0.474,0.468,0.465,0.469,0.477,0.477,0.479,0.475,0.476,0.467,0.474,0.475,0.466,0.467,0.468,0.473,0.466,0.474,0.47,0.469,0.48,0.466,0.464,0.469,0.47,0.464,0.471,0.469,0.467,0.478,0.469,0.47,0.468,0.476,0.464,0.465,0.476,0.47,0.464,0.458,0.469,0.466,0.472,0.47,0.471,0.471,0.47,0.466,0.475,0.472,0.466,0.468,0.465,0.465,0.468,0.461,0.465,0.466,0.454,0.471,0.46,0.463,0.466,0.467,0.467,0.466,0.464,0.475,0.468,0.47,0.458,0.472,0.462,0.465,0.46,0.463
B,2,Sample X8,0.224,0.226,0.227,0.218,0.222,0.224,0.221,0.216,0.224,0.223,0.224,0.226,0.225,0.241,0.23,0.229,0.229,0.223,0.231,0.232,0.231,0.236,0.229,0.235,0.232,0.233,0.237,0.238,0.238,0.239,0.229,0.236,0.242,0.244,0.242,0.247,0.244,0.242,0.237,0.239,0.241,0.238,0.239,0.247,0.244,0.243,0.238,0.245,0.239,0.248,0.249,0.252,0.256,0.247,0.256,0.248,0.254,0.256,0.262,0.258,0.255,0.261,0.259,0.254,0.262,0.263,0.267,0.262,0.271,0.267,0.277,0.277,0.281,0.282,0.277,0.281,0.286,0.281,0.293,0.287,0.289,0.288,0.295,0.296,0.293,0.305,0.302,0.309,0.302,0.309,0.308,0.316,0.308,0.317,0.322,0.322,0.329,0.342,0.327,0.334,0.346,0.339,0.333,0.345,0.35,0.351,0.361,0.366,0.37,0.363,0.368,0.376,0.377,0.387,0.395,0.393,0.411,0.408,0.407,0.417,0.414,0.432,0.439,0.438,0.436,0.443,0.453,0.462,0.461,0.466,0.46,0.47,0.454,0.468,0.468,0.467,0.467,0.472,0.488,0.475,0.468,0.481,0.477,0.474,0.474,0.471,0.477,0.49,0.483,0.476,0.479,0.481,0.481,0.477,0.475,0.472,0.485,0.484,0.478,0.473,0.479,0.484,0.479,0.481,0.482,0.473,0.485,0.477,0.476,0.492,0.483,0.48,0.483,0.48,0.478,0.479,0.481,0.493,0.484,0.477,0.485,0.47,0.48,0.484,0.488,0.481,0.484,0.484,0.481,0.48,0.475,0.483,0.48,0.484,0.491,0.481,0.489,0.491,0.484,0.482,0.486,0.486,0.475,0.484,0.484,0.48,0.483,0.48,0.479,0.486,0.483,0.48,0.481,0.483,0.482,0.481,0.48,0.485,0.48,0.483,0.479,0.48,0.485,0.489,0.487,0.496,0.503,0.488,0.49,0.478,0.485,0.486,0.487,0.483,0.486,0.478,0.491,0.477,0.482,0.484,0.493,0.486,0.478,0.484,0.483,0.485,0.487,0.48,0.48,0.479,0.489,0.471,0.478,0.48,0.481,0.483,0.487,0.477,0.475,0.481,0.475,0.483,0.471,0.485,0.483,0.484,0.481,0.479,0.486,0.469,0.48,0.49,0.487,0.486,0.479,0.475,0.483,0.485,0.479,0.471,0.488,0.476,0.49,0.476,0.48,0.486,0.478,0.475,0.481,0.474,0.481,0.478,0.474,0.491,0.483,0.487,0.487,0.483,0.488,0.485,0.488,0.471,0.479,0.477,0.481,0.482,0.473,0.486,0.48,0.489,0.487,0.475,0.473,0.484,0.475,0.486,0.486,0.477,0.48,0.482,0.485,0.481,0.476,0.483,0.485,0.479,0.478,0.484,0.477,0.477,0.485,0.483,0.478,0.483,0.483,0.475,0.475,0.479,0.48,0.486,0.482,0.471,0.474,0.484,0.489
B,3,Sample X9,0.231,0.232,0.23,0.225,0.23,0.23,0.233,0.237,0.231,0.234,0.239,0.237,0.235,0.234,0.234,0.236,0.24,0.233,0.239,0.24,0.241,0.243,0.233,0.238,0.243,0.24,0.248,0.245,0.25,0.246,0.247,0.25,0.246,0.247,0.249,0.249,0.253,0.247,0.252,0.252,0.25,0.256,0.25,0.246,0.254,0.252,0.249,0.254,0.254,0.252,0.254,0.256,0.263,0.265,0.263,0.258,0.262,0.267,0.258,0.263,0.27,0.274,0.265,0.274,0.288,0.274,0.278,0.277,0.278,0.278,0.28,0.28,0.295,0.285,0.283,0.294,0.295,0.295,0.299,0.3,0.298,0.302,0.31,0.31,0.311,0.307,0.309,0.311,0.318,0.324,0.325,0.32,0.32,0.332,0.339,0.334,0.331,0.338,0.334,0.339,0.348,0.351,0.352,0.356,0.357,0.362,0.365,0.376,0.375,0.383,0.377,0.396,0.387,0.396,0.401,0.406,0.421,0.415,0.429,0.424,0.431,0.434,0.447,0.45,0.454,0.45,0.462,0.457,0.475,0.468,0.474,0.478,0.473,0.485,0.484,0.476,0.482,0.488,0.49,0.488,0.477,0.477,0.481,0.49,0.49,0.498,0.483,0.484,0.485,0.484,0.478,0.485,0.493,0.493,0.494,0.487,0.485,0.493,0.484,0.485,0.492,0.494,0.489,0.484,0.493,0.484,0.477,0.49,0.493,0.485,0.493,0.506,0.491,0.494,0.49,0.489,0.489,0.484,0.488,0.49,0.486,0.492,0.493,0.491,0.493,0.484,0.494,0.498,0.483,0.495,0.484,0.497,0.501,0.492,0.496,0.484,0.498,0.492,0.479,0.495,0.496,0.496,0.483,0.488,0.488,0.49,0.493,0.487,0.491,0.492,0.49,0.495,0.484,0.489,0.486,0.494,0.49,0.494,0.491,0.48,0.493,0.488,0.496,0.486,0.486,0.497,0.496,0.489,0.498,0.487,0.49,0.49,0.495,0.494,0.492,0.491,0.497,0.494,0.496,0.497,0.501,0.488,0.494,0.491,0.498,0.487,0.495,0.494,0.498,0.497,0.492,0.497,0.48,0.493,0.491,0.497,0.488,0.488,0.487,0.488,0.496,0.493,0.486,0.495,0.498,0.507,0.498,0.494,0.5,0.491,0.49,0.487,0.499,0.49,0.491,0.496,0.489,0.49,0.49,0.479,0.496,0.489,0.493,0.493,0.484,0.5,0.491,0.492,0.498,0.492,0.5,0.495,0.492,0.491,0.489,0.497,0.486,0.496,0.498,0.497,0.491,0.49,0.507,0.488,0.478,0.486,0.498,0.488,0.494,0.491,0.48,0.495,0.487,0.494,0.492,0.49,0.484,0.486,0.494,0.486,0.488,0.493,0.488,0.495,0.494,0.486,0.494,0.486,0.489,0.493,0.494,0.492,0.497,0.491,0.497,0.496,0.487,0.489,0.491,0.49,0.492,0.487,0.492,0.489,0.491
B,4,Sample X10,0.234,0.239,0.232,0.229,0.23,0.237,0.23,0.242,0.24,0.236,0.232,0.236,0.236,0.241,0.247,0.239,0.244,0.237,0.247,0.254,0.246,0.243,0.244,0.243,0.254,0.274,0.255,0.257,0.25,0.256,0.262,0.264,0.261,0.257,0.263,0.261,0.257,0.252,0.258,0.262,0.255,0.255,0.262,0.266,0.264,0.265,0.253,0.257,0.266,0.274,0.266,0.279,0.273,0.277,0.277,0.268,0.272,0.293,0.282,0.271,0.273,0.277,0.283,0.282,0.285,0.286,0.29,0.292,0.285,0.29,0.303,0.292,0.3,0.305,0.3,0.307,0.313,0.312,0.313,0.315,0.314,0.313,0.324,0.318,0.33,0.318,0.322,0.33,0.332,0.338,0.343,0.336,0.351,0.347,0.358,0.347,0.363,0.359,0.364,0.364,0.372,0.367,0.372,0.374,0.369,0.393,0.392,0.398,0.392,0.412,0.408,0.411,0.416,0.43,0.419,0.436,0.445,0.448,0.445,0.46,0.465,0.466,0.455,0.476,0.477,0.489,0.498,0.487,0.501,0.49,0.504,0.506,0.488,0.489,0.507,0.503,0.493,0.496,0.509,0.502,0.501,0.499,0.503,0.51,0.501,0.505,0.518,0.506,0.506,0.518,0.511,0.508,0.509,0.505,0.504,0.506,0.502,0.513,0.504,0.509,0.502,0.506,0.528,0.503,0.514,0.51,0.511,0.511,0.501,0.516,0.514,0.52,0.507,0.512,0.52,0.503,0.512,0.512,0.508,0.513,0.514,0.504,0.515,0.509,0.514,0.506,0.51,0.518,0.515,0.511,0.515,0.498,0.508,0.51,0.513,0.507,0.506,0.515,0.507,0.516,0.509,0.507,0.496,0.504,0.508,0.505,0.518,0.499,0.516,0.512,0.511,0.503,0.497,0.512,0.506,0.512,0.51,0.501,0.508,0.507,0.506,0.514,0.51,0.514,0.505,0.511,0.519,0.519,0.512,0.507,0.517,0.505,0.51,0.524,0.515,0.513,0.512,0.509,0.519,0.511,0.518,0.513,0.5,0.517,0.514,0.501,0.515,0.501,0.515,0.518,0.511,0.503,0.513,0.517,0.522,0.508,0.505,0.515,0.515,0.497,0.523,0.504,0.517,0.508,0.516,0.518,0.511,0.51,0.521,0.517,0.514,0.505,0.505,0.498,0.509,0.511,0.51,0.507,0.519,0.504,0.521,0.514,0.516,0.507,0.503,0.507,0.516,0.51,0.497,0.516,0.505,0.509,0.506,0.512,0.516,0.508,0.51,0.525,0.516,0.503,0.505,0.513,0.517,0.512,0.504,0.516,0.506,0.522,0.51,0.508,0.513,0.512,0.505,0.503,0.509,0.512,0.509,0.513,0.509,0.516,0.505,0.513,0.508,0.51,0.514,0.513,0.516,0.515,0.503,0.514,0.51,0.499,0.515,0.514,0.507,0.515,0.514,0.504,0.51,0.509,0.509,0.512,0.507,0.508,0.514
B,5,Sample X11,0.225,0.23,0.237,0.228,0.239,0.231,0.231,0.235,0.232,0.236,0.232,0.23,0.23,0.233,0.233,0.234,0.234,0.232,0.236,0.242,0.234,0.243,0.247,0.236,0.244,0.241,0.243,0.243,0.245,0.248,0.25,0.251,0.245,0.246,0.245,0.251,0.246,0.25,0.26,0.253,0.249,0.252,0.253,0.257,0.246,0.257,0.254,0.262,0.261,0.263,0.259,0.268,0.261,0.269,0.266,0.274,0.27,0.268,0.277,0.273,0.27,0.278,0.28,0.278,0.293,0.281,0.279,0.289,0.287,0.289,0.293,0.29,0.297,0.294,0.294,0.309,0.311,0.302,0.304,0.315,0.305,0.314,0.32,0.315,0.325,0.32,0.325,0.335,0.33,0.344,0.338,0.338,0.345,0.339,0.345,0.345,0.346,0.365,0.359,0.365,0.366,0.369,0.376,0.392,0.381,0.382,0.387,0.404,0.406,0.407,0.406,0.414,0.415,0.418,0.426,0.428,0.435,0.438,0.446,0.447,0.458,0.475,0.468,0.47,0.476,0.485,0.483,0.488,0.485,0.491,0.479,0.486,0.495,0.483,0.479,0.492,0.486,0.496,0.487,0.495,0.504,0.491,0.504,0.503,0.501,0.489,0.507,0.505,0.503,0.487,0.493,0.492,0.502,0.5,0.508,0.501,0.492,0.492,0.492,0.5,0.494,0.493,0.503,0.496,0.495,0.499,0.494,0.493,0.498,0.503,0.499,0.497,0.486,0.506,0.487,0.498,0.484,0.493,0.505,0.511,0.5,0.49,0.5,0.499,0.491,0.49,0.5,0.505,0.508,0.493,0.499,0.498,0.507,0.5,0.5,0.494,0.519,0.502,0.501,0.503,0.5,0.496,0.497,0.504,0.503,0.5,0.507,0.505,0.5,0.503,0.504,0.503,0.508,0.501,0.505,0.499,0.502,0.508,0.503,0.495,0.486,0.492,0.499,0.496,0.492,0.508,0.499,0.501,0.502,0.484,0.504,0.492,0.491,0.511,0.492,0.501,0.503,0.509,0.502,0.505,0.502,0.493,0.49,0.497,0.495,0.513,0.485,0.488,0.49,0.497,0.497,0.485,0.494,0.49,0.498,0.503,0.507,0.492,0.501,0.498,0.494,0.504,0.483,0.481,0.495,0.497,0.498,0.485,0.499,0.504,0.486,0.482,0.49,0.509,0.476,0.486,0.5,0.499,0.497,0.484,0.495,0.494,0.496,0.482,0.478,0.495,0.509,0.482,0.493,0.491,0.484,0.494,0.482,0.482,0.485,0.483,0.5,0.494,0.48,0.493,0.482,0.493,0.492,0.488,0.484,0.489,0.496,0.485,0.488,0.496,0.479,0.501,0.484,0.481,0.5,0.498,0.488,0.477,0.477,0.5,0.487,0.494,0.483,0.486,0.484,0.48,0.494,0.487,0.491,0.497,0.502,0.489,0.496,0.496,0.488,0.492,0.493,0.476,0.492,0.481,0.491,0.481,0.481,0.496,0.487
B,6,Sample X12,0.074,0.076,0.075,0.075,0.075,0.077,0.075,0.077,0.075,0.076,0.076,0.077,0.076,0.076,0.076,0.076,0.076,0.076,0.076,0.079,0.076,0.077,0.076,0.076,0.077,0.076,0.077,0.078,0.076,0.076,0.078,0.079,0.076,0.076,0.076,0.076,0.076,0.076,0.076,0.078,0.076,0.076,0.076,0.076,0.076,0.076,0.076,0.076,0.076,0.077,0.076,0.078,0.076,0.077,0.076,0.076,0.076,0.076,0.076,0.077,0.076,0.076,0.076,0.076,0.077,0.076,0.077,0.076,0.076,0.076,0.077,0.076,0.076,0.076,0.076,0.077,0.078,0.076,0.076,0.077,0.075,0.076,0.076,0.076,0.077,0.077,0.076,0.077,0.079,0.081,0.076,0.076,0.077,0.077,0.078,0.076,0.076,0.077,0.077,0.076,0.076,0.076,0.076,0.076,0.077,0.076,0.077,0.081,0.077,0.077,0.077,0.077,0.076,0.077,0.076,0.077,0.081,0.077,0.077,0.081,0.076,0.076,0.077,0.077,0.076,0.077,0.079,0.077,0.077,0.079,0.078,0.077,0.078,0.076,0.079,0.077,0.076,0.077,0.077,0.076,0.077,0.077,0.076,0.076,0.077,0.076,0.076,0.077,0.077,0.077,0.077,0.076,0.078,0.077,0.076,0.077,0.078,0.077,0.077,0.077,0.077,0.077,0.076,0.077,0.077,0.077,0.079,0.079,0.078,0.079,0.077,0.077,0.078,0.077,0.079,0.077,0.076,0.077,0.077,0.077,0.076,0.076,0.077,0.078,0.077,0.078,0.077,0.077,0.078,0.077,0.077,0.077,0.077,0.077,0.077,0.077,0.077,0.077,0.077,0.077,0.077,0.077,0.077,0.077,0.077,0.077,0.077,0.077,0.077,0.077,0.077,0.077,0.077,0.077,0.079,0.077,0.078,0.077,0.076,0.077,0.079,0.077,0.077,0.077,0.077,0.077,0.083,0.077,0.077,0.079,0.077,0.077,0.077,0.077,0.08,0.077,0.077,0.078,0.077,0.077,0.078,0.076,0.077,0.077,0.077,0.077,0.078,0.077,0.077,0.077,0.077,0.077,0.077,0.077,0.077,0.078,0.077,0.078,0.077,0.077,0.076,0.077,0.077,0.077,0.077,0.077,0.077,0.077,0.077,0.078,0.077,0.077,0.077,0.077,0.078,0.077,0.077,0.077,0.076,0.078,0.078,0.077,0.078,0.077,0.077,0.077,0.078,0.076,0.077,0.077,0.077,0.078,0.079,0.08,0.08,0.077,0.077,0.077,0.078,0.077,0.077,0.077,0.077,0.077,0.077,0.077,0.077,0.077,0.077,0.077,0.078,0.078,0.077,0.077,0.077,0.077,0.077,0.077,0.077,0.078,0.077,0.077,0.077,0.08,0.077,0.077,0.077,0.077,0.077,0.077,0.077,0.077,0.077,0.076,0.077,0.077,0.077,0.077,0.077,0.077,0.077,0.077,0.077,0.077,0.077
C,1,Sample X13,0.208,0.209,0.213,0.21,0.208,0.212,0.213,0.216,0.226,0.218,0.219,0.224,0.231,0.233,0.242,0.242,0.24,0.256,0.265,0.274,0.294,0.298,0.313,0.329,0.341,0.346,0.362,0.387,0.408,0.435,0.447,0.462,0.488,0.498,0.524,0.554,0.576,0.614,0.627,0.653,0.673,0.687,0.721,0.758,0.778,0.79,0.818,0.839,0.853,0.861,0.871,0.879,0.872,0.879,0.88,0.872,0.883,0.886,0.875,0.884,0.891,0.887,0.883,0.891,0.886,0.901,0.901,0.914,0.906,0.903,0.913,0.909,0.904,0.908,0.924,0.93,0.928,0.929,0.932,0.94,0.944,0.931,0.931,0.934,0.963,0.943,0.948,0.954,0.969,0.978,0.974,0.958,0.973,0.981,0.987,0.982,0.989,0.99,0.995,0.998,0.995,1.007,1.004,1.007,1.01,1.018,1.02,1.014,1.031,1.038,1.032,1.042,1.025,1.039,1.029,1.046,1.06,1.06,1.057,1.075,1.072,1.07,1.071,1.077,1.073,1.082,1.07,1.081,1.082,1.093,1.092,1.093,1.115,1.115,1.112,1.113,1.107,1.111,1.105,1.115,1.106,1.107,1.132,1.121,1.128,1.144,1.139,1.146,1.138,1.131,1.147,1.146,1.151,1.158,1.153,1.163,1.17,1.168,1.165,1.167,1.179,1.173,1.177,1.178,1.17,1.178,1.185,1.193,1.194,1.214,1.206,1.222,1.21,1.222,1.235,1.199,1.224,1.22,1.226,1.228,1.231,1.226,1.234,1.227,1.232,1.226,1.231,1.236,1.232,1.228,1.232,1.219,1.222,1.222,1.221,1.21,1.232,1.221,1.205,1.219,1.21,1.208,1.209,1.219,1.22,1.214,1.215,1.202,1.204,1.216,1.218,1.193,1.211,1.199,1.2,1.223,1.205,1.214,1.197,1.199,1.196,1.205,1.201,1.182,1.211,1.2,1.208,1.201,1.199,1.19,1.186,1.201,1.2,1.193,1.206,1.191,1.216,1.204,1.199,1.191,1.194,1.198,1.197,1.185,1.195,1.187,1.185,1.185,1.189,1.202,1.202,1.187,1.18,1.185,1.21,1.194,1.181,1.185,1.182,1.183,1.19,1.179,1.185,1.176,1.187,1.182,1.184,1.174,1.192,1.172,1.189,1.177,1.191,1.181,1.179,1.188,1.181,1.176,1.182,1.176,1.185,1.179,1.19,1.17,1.173,1.187,1.168,1.183,1.162,1.177,1.196,1.183,1.166,1.182,1.171,1.168,1.177,1.17,1.175,1.167,1.18,1.17,1.166,1.173,1.166,1.18,1.178,1.167,1.162,1.171,1.177,1.173,1.167,1.163,1.176,1.161,1.165,1.157,1.164,1.167,1.171,1.179,1.175,1.156,1.166,1.155,1.174,1.167,1.174,1.176,1.165,1.175,1.177,1.177,1.173,1.17,1.164,1.178,1.17,1.162,1.169,1.164,1.164,1.164,1.168
C,2,Sample X14,0.21,0.212,0.213,0.212,0.215,0.213,0.211,0.213,0.213,0.222,0.22,0.226,0.239,0.271,0.242,0.25,0.251,0.259,0.298,0.28,0.283,0.317,0.312,0.33,0.35,0.349,0.371,0.399,0.409,0.424,0.457,0.467,0.505,0.536,0.583,0.556,0.607,0.622,0.638,0.663,0.672,0.717,0.732,0.771,0.793,0.808,0.842,0.851,0.879,0.873,0.888,0.886,0.917,0.901,0.895,0.906,0.906,0.902,0.911,0.91,0.918,0.903,0.926,0.917,0.908,0.923,0.921,0.937,0.921,0.929,0.925,0.943,0.942,0.932,0.942,0.953,0.938,0.958,0.952,0.946,0.964,0.964,0.967,0.973,0.95,0.983,0.977,0.99,1.001,0.984,1.006,1.002,0.992,0.999,1.033,1.016,1.015,1.007,1.027,1.012,1.031,1.037,1.044,1.043,1.032,1.056,1.061,1.052,1.058,1.067,1.062,1.066,1.066,1.078,1.074,1.09,1.091,1.08,1.106,1.094,1.101,1.114,1.11,1.123,1.121,1.124,1.109,1.109,1.148,1.136,1.149,1.141,1.128,1.157,1.13,1.151,1.155,1.166,1.175,1.16,1.165,1.175,1.171,1.179,1.183,1.169,1.2,1.189,1.19,1.193,1.198,1.177,1.212,1.213,1.209,1.211,1.202,1.216,1.211,1.203,1.217,1.23,1.246,1.231,1.244,1.221,1.239,1.24,1.248,1.253,1.246,1.284,1.262,1.278,1.25,1.276,1.274,1.265,1.295,1.289,1.291,1.27,1.288,1.309,1.285,1.285,1.269,1.306,1.288,1.262,1.292,1.29,1.286,1.299,1.287,1.281,1.296,1.284,1.281,1.285,1.272,1.28,1.28,1.285,1.292,1.279,1.291,1.288,1.279,1.273,1.28,1.275,1.288,1.275,1.255,1.27,1.285,1.292,1.269,1.26,1.264,1.254,1.265,1.263,1.266,1.293,1.266,1.265,1.259,1.248,1.294,1.263,1.256,1.276,1.249,1.266,1.259,1.27,1.28,1.277,1.261,1.267,1.249,1.258,1.268,1.256,1.254,1.242,1.267,1.259,1.241,1.249,1.257,1.241,1.265,1.264,1.262,1.242,1.265,1.249,1.251,1.252,1.241,1.25,1.264,1.249,1.263,1.24,1.261,1.257,1.26,1.252,1.264,1.254,1.229,1.258,1.266,1.251,1.259,1.234,1.265,1.256,1.246,1.248,1.248,1.256,1.244,1.252,1.245,1.25,1.244,1.257,1.236,1.267,1.234,1.26,1.253,1.233,1.241,1.254,1.241,1.261,1.246,1.25,1.245,1.255,1.238,1.254,1.246,1.248,1.236,1.249,1.234,1.252,1.245,1.246,1.258,1.232,1.229,1.254,1.236,1.263,1.242,1.238,1.239,1.248,1.266,1.245,1.241,1.241,1.253,1.235,1.24,1.25,1.247,1.247,1.23,1.244,1.243,1.237,1.254,1.234,1.231,1.242,1.244
C,3,Sample X15,0.206,0.207,0.206,0.209,0.208,0.213,0.214,0.208,0.207,0.22,0.216,0.226,0.225,0.239,0.243,0.238,0.247,0.262,0.268,0.282,0.287,0.3,0.331,0.329,0.345,0.344,0.372,0.387,0.406,0.429,0.454,0.46,0.477,0.508,0.54,0.541,0.584,0.605,0.632,0.658,0.672,0.709,0.715,0.752,0.771,0.798,0.815,0.836,0.861,0.87,0.883,0.891,0.881,0.89,0.887,0.893,0.891,0.896,0.901,0.894,0.896,0.9,0.903,0.903,0.902,0.917,0.915,0.914,0.919,0.931,0.915,0.928,0.933,0.92,0.93,0.939,0.942,0.932,0.944,0.953,0.951,0.956,0.944,0.961,0.958,0.962,0.957,0.97,0.99,0.975,0.981,0.982,0.983,0.996,1.011,0.992,1.001,1.008,1.003,1.012,1.013,1.016,1.017,1.018,1.034,1.028,1.033,1.029,1.034,1.043,1.049,1.051,1.052,1.067,1.053,1.062,1.094,1.07,1.067,1.09,1.075,1.088,1.086,1.092,1.096,1.096,1.107,1.101,1.105,1.121,1.119,1.112,1.137,1.119,1.135,1.128,1.128,1.138,1.135,1.136,1.136,1.141,1.168,1.149,1.152,1.154,1.161,1.159,1.173,1.164,1.166,1.173,1.175,1.186,1.171,1.184,1.198,1.189,1.187,1.205,1.196,1.194,1.205,1.212,1.2,1.219,1.21,1.235,1.218,1.227,1.229,1.234,1.217,1.243,1.245,1.252,1.263,1.242,1.267,1.257,1.265,1.265,1.27,1.258,1.259,1.272,1.269,1.281,1.28,1.254,1.27,1.26,1.266,1.275,1.263,1.266,1.256,1.262,1.257,1.265,1.252,1.26,1.255,1.257,1.257,1.254,1.263,1.258,1.261,1.25,1.263,1.253,1.254,1.246,1.266,1.25,1.252,1.254,1.241,1.247,1.243,1.237,1.25,1.235,1.236,1.249,1.263,1.252,1.252,1.236,1.25,1.233,1.243,1.237,1.25,1.238,1.234,1.244,1.236,1.244,1.237,1.238,1.218,1.235,1.229,1.259,1.249,1.234,1.232,1.233,1.231,1.217,1.227,1.244,1.242,1.252,1.227,1.255,1.235,1.231,1.236,1.219,1.222,1.234,1.231,1.234,1.234,1.224,1.235,1.236,1.229,1.23,1.237,1.227,1.213,1.22,1.22,1.226,1.225,1.226,1.226,1.226,1.231,1.223,1.23,1.226,1.235,1.22,1.216,1.222,1.235,1.22,1.214,1.249,1.237,1.221,1.228,1.228,1.229,1.222,1.224,1.227,1.221,1.226,1.234,1.212,1.227,1.22,1.217,1.225,1.227,1.227,1.221,1.227,1.227,1.215,1.228,1.213,1.206,1.229,1.216,1.226,1.214,1.216,1.214,1.216,1.222,1.227,1.215,1.221,1.218,1.227,1.226,1.224,1.218,1.221,1.217,1.214,1.222,1.225,1.216,1.213,1.216,1.213,1.219
C,4,Sample X16,0.21,0.215,0.223,0.219,0.216,0.222,0.218,0.226,0.228,0.228,0.232,0.236,0.244,0.246,0.253,0.26,0.27,0.273,0.283,0.287,0.301,0.318,0.328,0.342,0.362,0.365,0.397,0.411,0.429,0.436,0.47,0.474,0.494,0.53,0.538,0.568,0.595,0.622,0.65,0.668,0.686,0.723,0.744,0.778,0.805,0.815,0.831,0.861,0.876,0.874,0.878,0.889,0.891,0.897,0.896,0.888,0.896,0.91,0.901,0.898,0.905,0.905,0.909,0.906,0.914,0.907,0.911,0.921,0.911,0.94,0.92,0.919,0.93,0.932,0.931,0.939,0.94,0.954,0.959,0.948,0.952,0.957,0.968,0.961,0.962,0.972,0.969,0.98,0.989,0.989,0.994,0.995,0.999,0.99,1.006,1.005,1.005,1.024,1.002,1.016,1.02,1.031,1.021,1.029,1.028,1.049,1.047,1.046,1.056,1.063,1.052,1.057,1.053,1.055,1.071,1.073,1.081,1.08,1.087,1.097,1.083,1.091,1.093,1.106,1.111,1.11,1.112,1.113,1.107,1.126,1.121,1.135,1.142,1.128,1.153,1.133,1.131,1.145,1.138,1.145,1.137,1.14,1.152,1.169,1.161,1.173,1.167,1.167,1.182,1.176,1.177,1.175,1.175,1.193,1.177,1.193,1.197,1.189,1.183,1.203,1.206,1.21,1.212,1.218,1.22,1.23,1.216,1.248,1.217,1.249,1.237,1.24,1.244,1.258,1.261,1.264,1.257,1.266,1.268,1.267,1.258,1.265,1.273,1.27,1.27,1.268,1.266,1.27,1.267,1.253,1.264,1.268,1.265,1.262,1.254,1.252,1.26,1.264,1.263,1.259,1.25,1.252,1.266,1.252,1.254,1.253,1.256,1.258,1.257,1.251,1.256,1.243,1.25,1.251,1.251,1.248,1.248,1.26,1.247,1.246,1.251,1.242,1.24,1.236,1.251,1.233,1.261,1.241,1.244,1.24,1.239,1.24,1.243,1.245,1.257,1.235,1.239,1.247,1.235,1.241,1.248,1.239,1.22,1.234,1.246,1.244,1.237,1.234,1.24,1.231,1.226,1.23,1.225,1.235,1.234,1.228,1.236,1.236,1.227,1.23,1.24,1.228,1.218,1.231,1.236,1.237,1.217,1.225,1.234,1.232,1.235,1.23,1.223,1.234,1.22,1.227,1.225,1.232,1.22,1.224,1.23,1.229,1.225,1.225,1.236,1.226,1.228,1.22,1.224,1.214,1.224,1.218,1.218,1.239,1.239,1.227,1.224,1.23,1.235,1.22,1.228,1.217,1.207,1.224,1.224,1.225,1.213,1.216,1.223,1.224,1.225,1.224,1.225,1.216,1.224,1.217,1.217,1.218,1.221,1.221,1.221,1.217,1.227,1.22,1.218,1.215,1.231,1.215,1.217,1.215,1.222,1.213,1.206,1.214,1.218,1.224,1.222,1.212,1.214,1.219,1.221,1.224,1.216,1.217,1.222
C,5,Sample X17,0.214,0.216,0.215,0.217,0.213,0.223,0.217,0.226,0.224,0.223,0.232,0.231,0.238,0.251,0.247,0.26,0.264,0.281,0.285,0.293,0.309,0.312,0.323,0.34,0.358,0.37,0.445,0.403,0.417,0.48,0.466,0.481,0.502,0.521,0.543,0.577,0.588,0.618,0.642,0.665,0.683,0.713,0.734,0.759,0.786,0.811,0.835,0.845,0.854,0.865,0.868,0.883,0.882,0.883,0.878,0.888,0.89,0.89,0.891,0.897,0.891,0.899,0.893,0.9,0.897,0.906,0.91,0.911,0.917,0.915,0.924,0.925,0.927,0.926,0.927,0.947,0.962,0.948,0.958,0.944,0.96,0.963,0.958,0.966,0.956,0.976,0.971,0.986,0.988,0.988,0.998,0.99,1.003,1,1.008,1.001,1.012,1.018,1.018,1.024,1.031,1.033,1.038,1.04,1.054,1.058,1.052,1.05,1.063,1.075,1.06,1.073,1.077,1.079,1.075,1.084,1.101,1.094,1.105,1.107,1.106,1.105,1.104,1.121,1.116,1.125,1.128,1.133,1.134,1.137,1.151,1.136,1.149,1.146,1.157,1.157,1.147,1.163,1.176,1.164,1.169,1.172,1.187,1.171,1.181,1.192,1.183,1.192,1.203,1.192,1.201,1.205,1.209,1.205,1.219,1.227,1.229,1.222,1.234,1.249,1.235,1.241,1.25,1.253,1.257,1.255,1.242,1.253,1.253,1.263,1.245,1.251,1.246,1.252,1.261,1.249,1.248,1.242,1.25,1.25,1.252,1.244,1.249,1.249,1.244,1.252,1.226,1.245,1.248,1.238,1.237,1.23,1.236,1.25,1.238,1.233,1.237,1.224,1.226,1.241,1.232,1.231,1.234,1.232,1.233,1.225,1.237,1.232,1.224,1.232,1.239,1.223,1.23,1.229,1.233,1.231,1.232,1.234,1.228,1.229,1.217,1.217,1.232,1.222,1.236,1.225,1.241,1.228,1.221,1.217,1.22,1.223,1.226,1.228,1.235,1.217,1.218,1.232,1.229,1.221,1.228,1.224,1.224,1.218,1.227,1.218,1.219,1.217,1.221,1.212,1.205,1.216,1.216,1.224,1.208,1.222,1.224,1.216,1.22,1.212,1.215,1.221,1.213,1.213,1.218,1.224,1.218,1.212,1.228,1.221,1.213,1.219,1.21,1.217,1.208,1.217,1.218,1.213,1.213,1.216,1.215,1.213,1.216,1.217,1.22,1.203,1.218,1.214,1.214,1.219,1.21,1.219,1.204,1.236,1.219,1.206,1.205,1.217,1.212,1.206,1.206,1.21,1.208,1.207,1.207,1.213,1.204,1.218,1.204,1.214,1.208,1.226,1.205,1.213,1.212,1.212,1.216,1.202,1.209,1.207,1.2,1.211,1.215,1.202,1.207,1.205,1.218,1.203,1.201,1.207,1.199,1.202,1.207,1.202,1.212,1.204,1.212,1.205,1.205,1.201,1.21,1.204,1.206,1.206,1.205
C,6,Sample X18,0.077,0.076,0.077,0.078,0.078,0.077,0.078,0.075,0.079,0.08,0.079,0.077,0.079,0.079,0.079,0.079,0.079,0.08,0.08,0.075,0.079,0.077,0.079,0.079,0.077,0.079,0.081,0.078,0.08,0.08,0.078,0.075,0.08,0.08,0.08,0.08,0.08,0.079,0.08,0.075,0.079,0.08,0.079,0.08,0.079,0.08,0.08,0.08,0.08,0.077,0.079,0.076,0.08,0.08,0.079,0.08,0.08,0.079,0.079,0.08,0.08,0.08,0.08,0.079,0.077,0.079,0.078,0.079,0.079,0.08,0.077,0.08,0.08,0.08,0.079,0.078,0.077,0.08,0.08,0.078,0.08,0.08,0.08,0.08,0.08,0.081,0.08,0.08,0.076,0.076,0.08,0.08,0.08,0.08,0.076,0.08,0.08,0.077,0.08,0.08,0.08,0.08,0.08,0.08,0.078,0.08,0.08,0.077,0.08,0.078,0.078,0.08,0.08,0.08,0.08,0.08,0.076,0.08,0.08,0.076,0.08,0.08,0.08,0.078,0.08,0.081,0.076,0.078,0.08,0.076,0.078,0.08,0.076,0.08,0.076,0.08,0.08,0.08,0.078,0.08,0.08,0.081,0.08,0.08,0.08,0.08,0.08,0.08,0.08,0.08,0.08,0.08,0.078,0.08,0.08,0.078,0.078,0.08,0.08,0.078,0.08,0.08,0.08,0.078,0.08,0.078,0.079,0.076,0.078,0.076,0.081,0.08,0.078,0.081,0.076,0.077,0.08,0.08,0.08,0.08,0.08,0.08,0.08,0.078,0.08,0.077,0.078,0.08,0.078,0.08,0.08,0.08,0.08,0.08,0.08,0.078,0.08,0.08,0.08,0.08,0.08,0.08,0.078,0.081,0.081,0.08,0.08,0.08,0.08,0.08,0.078,0.08,0.08,0.081,0.077,0.08,0.078,0.08,0.081,0.08,0.078,0.08,0.08,0.08,0.08,0.08,0.076,0.077,0.08,0.079,0.08,0.08,0.081,0.081,0.077,0.081,0.081,0.079,0.08,0.081,0.078,0.08,0.08,0.08,0.08,0.08,0.078,0.081,0.08,0.081,0.08,0.08,0.08,0.078,0.08,0.078,0.081,0.078,0.078,0.08,0.08,0.081,0.08,0.08,0.08,0.078,0.08,0.078,0.081,0.078,0.081,0.078,0.081,0.08,0.078,0.08,0.081,0.08,0.08,0.079,0.078,0.08,0.078,0.08,0.078,0.081,0.078,0.08,0.078,0.08,0.078,0.077,0.079,0.076,0.076,0.08,0.08,0.08,0.078,0.078,0.08,0.081,0.08,0.08,0.081,0.081,0.081,0.08,0.078,0.08,0.078,0.078,0.08,0.08,0.08,0.081,0.08,0.08,0.08,0.078,0.08,0.08,0.081,0.078,0.08,0.081,0.08,0.081,0.08,0.081,0.08,0.081,0.08,0.08,0.081,0.081,0.078,0.081,0.08,0.078,0.08,0.078,0.08,0.081,0.078
D,1,Sample X19,0.203,0.206,0.207,0.204,0.207,0.202,0.206,0.207,0.207,0.206,0.203,0.208,0.204,0.21,0.212,0.21,0.212,0.214,0.213,0.216,0.219,0.218,0.21,0.213,0.211,0.215,0.22,0.218,0.213,0.43,0.221,0.226,0.227,0.216,0.224,0.219,0.225,0.22,0.23,0.235,0.225,0.227,0.224,0.228,0.232,0.224,0.231,0.229,0.234,0.235,0.225,0.239,0.24,0.234,0.25,0.243,0.237,0.242,0.238,0.248,0.245,0.243,0.256,0.256,0.255,0.254,0.26,0.261,0.263,0.273,0.264,0.264,0.263,0.276,0.28,0.282,0.275,0.284,0.282,0.289,0.298,0.293,0.296,0.291,0.296,0.298,0.291,0.303,0.307,0.315,0.319,0.316,0.319,0.319,0.327,0.335,0.336,0.327,0.339,0.342,0.351,0.347,0.354,0.362,0.355,0.365,0.375,0.378,0.391,0.54,0.401,0.397,0.398,0.407,0.409,0.413,0.418,0.425,0.423,0.429,0.432,0.439,0.441,0.434,0.437,0.438,0.442,0.446,0.439,0.443,0.451,0.45,0.44,0.457,0.455,0.47,0.441,0.445,0.443,0.45,0.455,0.454,0.453,0.452,0.454,0.46,0.455,0.453,0.444,0.46,0.445,0.452,0.453,0.457,0.462,0.454,0.455,0.451,0.455,0.46,0.451,0.456,0.453,0.46,0.451,0.456,0.464,0.452,0.459,0.448,0.455,0.453,0.443,0.464,0.452,0.456,0.454,0.453,0.456,0.451,0.445,0.441,0.458,0.45,0.448,0.449,0.455,0.46,0.461,0.449,0.453,0.453,0.458,0.455,0.449,0.452,0.456,0.444,0.455,0.459,0.45,0.453,0.453,0.459,0.454,0.447,0.467,0.45,0.443,0.453,0.441,0.459,0.457,0.459,0.458,0.451,0.453,0.458,0.454,0.462,0.453,0.452,0.452,0.458,0.444,0.461,0.457,0.452,0.453,0.445,0.458,0.452,0.456,0.455,0.444,0.462,0.456,0.453,0.449,0.455,0.444,0.456,0.441,0.454,0.449,0.453,0.453,0.454,0.448,0.455,0.452,0.445,0.453,0.451,0.452,0.456,0.454,0.45,0.449,0.454,0.458,0.442,0.447,0.459,0.451,0.444,0.453,0.449,0.454,0.46,0.453,0.45,0.447,0.454,0.451,0.456,0.449,0.448,0.451,0.438,0.455,0.445,0.45,0.449,0.449,0.448,0.453,0.444,0.451,0.448,0.445,0.461,0.443,0.448,0.458,0.446,0.453,0.445,0.446,0.456,0.449,0.453,0.452,0.449,0.45,0.45,0.452,0.455,0.454,0.45,0.45,0.445,0.441,0.453,0.449,0.451,0.451,0.449,0.446,0.457,0.451,0.45,0.44,0.442,0.448,0.449,0.452,0.448,0.452,0.454,0.444,0.457,0.455,0.448,0.444,0.457,0.449,0.447,0.449,0.44,0.45,0.474,0.45,0.453,0.446
D,2,Sample X20,0.239,0.231,0.237,0.238,0.238,0.235,0.245,0.259,0.242,0.239,0.242,0.246,0.243,0.24,0.238,0.245,0.243,0.244,0.236,0.255,0.247,0.254,0.245,0.257,0.259,0.252,0.244,0.25,0.253,0.25,0.248,0.273,0.261,0.265,0.285,0.255,0.252,0.257,0.26,0.269,0.256,0.265,0.258,0.262,0.261,0.267,0.256,0.265,0.261,0.274,0.263,0.27,0.265,0.262,0.269,0.272,0.272,0.271,0.272,0.28,0.276,0.28,0.277,0.284,0.287,0.285,0.292,0.293,0.293,0.296,0.298,0.299,0.293,0.303,0.298,0.313,0.32,0.304,0.309,0.317,0.317,0.319,0.329,0.326,0.331,0.328,0.339,0.334,0.344,0.351,0.354,0.355,0.358,0.35,0.374,0.365,0.368,0.38,0.37,0.386,0.374,0.388,0.392,0.4,0.407,0.394,0.415,0.403,0.405,0.414,0.426,0.423,0.434,0.446,0.433,0.45,0.461,0.461,0.454,0.461,0.47,0.469,0.47,0.478,0.478,0.479,0.475,0.475,0.477,0.475,0.481,0.483,0.48,0.488,0.475,0.482,0.485,0.482,0.488,0.486,0.484,0.484,0.476,0.483,0.492,0.483,0.49,0.488,0.488,0.492,0.487,0.487,0.483,0.493,0.493,0.497,0.495,0.497,0.498,0.487,0.492,0.499,0.501,0.498,0.493,0.505,0.489,0.498,0.489,0.493,0.489,0.497,0.491,0.504,0.497,0.503,0.489,0.498,0.488,0.491,0.492,0.482,0.5,0.501,0.491,0.501,0.498,0.503,0.504,0.486,0.498,0.499,0.483,0.494,0.496,0.5,0.49,0.492,0.494,0.494,0.489,0.484,0.496,0.495,0.494,0.489,0.503,0.505,0.497,0.497,0.498,0.498,0.494,0.505,0.49,0.494,0.494,0.477,0.498,0.496,0.49,0.492,0.495,0.49,0.495,0.49,0.498,0.497,0.483,0.483,0.495,0.484,0.494,0.491,0.497,0.497,0.491,0.504,0.49,0.483,0.489,0.492,0.48,0.494,0.496,0.492,0.491,0.487,0.487,0.489,0.484,0.48,0.494,0.486,0.49,0.495,0.497,0.491,0.482,0.488,0.491,0.492,0.484,0.48,0.491,0.494,0.492,0.489,0.492,0.486,0.485,0.485,0.49,0.486,0.493,0.493,0.488,0.491,0.498,0.49,0.496,0.496,0.485,0.481,0.491,0.494,0.495,0.488,0.493,0.491,0.489,0.495,0.483,0.49,0.487,0.494,0.495,0.487,0.491,0.495,0.513,0.495,0.486,0.493,0.484,0.49,0.49,0.491,0.493,0.495,0.489,0.489,0.491,0.491,0.493,0.492,0.488,0.495,0.494,0.498,0.491,0.494,0.476,0.479,0.49,0.484,0.485,0.484,0.496,0.489,0.492,0.483,0.488,0.484,0.488,0.502,0.499,0.486,0.497,0.483,0.493,0.481,0.489,0.494,0.482
D,3,Sample X21,0.218,0.217,0.218,0.215,0.213,0.219,0.216,0.217,0.218,0.222,0.215,0.22,0.215,0.217,0.218,0.218,0.22,0.218,0.217,0.223,0.221,0.226,0.227,0.228,0.23,0.228,0.23,0.228,0.239,0.231,0.23,0.246,0.238,0.234,0.234,0.242,0.239,0.234,0.242,0.24,0.233,0.244,0.242,0.241,0.241,0.244,0.244,0.241,0.241,0.249,0.251,0.246,0.25,0.249,0.248,0.255,0.253,0.258,0.261,0.253,0.257,0.258,0.26,0.262,0.265,0.264,0.267,0.273,0.275,0.275,0.274,0.28,0.287,0.273,0.287,0.295,0.291,0.289,0.291,0.294,0.305,0.3,0.307,0.307,0.315,0.317,0.311,0.318,0.323,0.333,0.329,0.329,0.33,0.334,0.345,0.346,0.35,0.351,0.353,0.352,0.363,0.363,0.366,0.381,0.37,0.377,0.393,0.403,0.392,0.399,0.401,0.406,0.41,0.412,0.413,0.429,0.42,0.435,0.44,0.454,0.444,0.444,0.457,0.458,0.468,0.473,0.471,0.478,0.48,0.467,0.465,0.472,0.473,0.489,0.472,0.475,0.486,0.481,0.479,0.478,0.478,0.481,0.474,0.479,0.482,0.481,0.485,0.48,0.488,0.479,0.478,0.484,0.489,0.489,0.491,0.479,0.498,0.489,0.489,0.487,0.506,0.488,0.492,0.495,0.487,0.486,0.474,0.482,0.486,0.485,0.482,0.488,0.484,0.493,0.479,0.492,0.48,0.478,0.482,0.485,0.49,0.489,0.49,0.498,0.488,0.482,0.495,0.501,0.492,0.479,0.492,0.49,0.484,0.49,0.485,0.496,0.49,0.491,0.475,0.487,0.483,0.479,0.493,0.486,0.492,0.484,0.489,0.482,0.487,0.49,0.499,0.488,0.485,0.491,0.489,0.495,0.476,0.495,0.492,0.483,0.48,0.49,0.49,0.485,0.489,0.489,0.485,0.493,0.489,0.48,0.484,0.487,0.485,0.512,0.481,0.498,0.478,0.492,0.483,0.483,0.473,0.484,0.483,0.483,0.486,0.486,0.481,0.481,0.49,0.49,0.484,0.475,0.476,0.485,0.489,0.484,0.482,0.483,0.479,0.477,0.489,0.479,0.468,0.485,0.484,0.48,0.491,0.478,0.488,0.488,0.48,0.478,0.482,0.48,0.48,0.484,0.477,0.491,0.485,0.477,0.496,0.486,0.476,0.473,0.485,0.487,0.482,0.479,0.478,0.487,0.479,0.485,0.478,0.483,0.478,0.487,0.477,0.477,0.489,0.479,0.479,0.484,0.475,0.486,0.474,0.48,0.478,0.477,0.476,0.478,0.481,0.481,0.48,0.48,0.474,0.485,0.48,0.477,0.474,0.481,0.489,0.482,0.475,0.478,0.483,0.474,0.48,0.476,0.48,0.478,0.481,0.486,0.479,0.485,0.49,0.474,0.473,0.472,0.48,0.48,0.48,0.466,0.472,0.48,0.472
D,4,Sample X22,0.196,0.196,0.192,0.2,0.197,0.197,0.202,0.208,0.197,0.201,0.191,0.207,0.193,0.199,0.2,0.198,0.2,0.2,0.202,0.207,0.2,0.2,0.202,0.208,0.209,0.204,0.207,0.211,0.207,0.205,0.207,0.224,0.234,0.223,0.212,0.214,0.216,0.213,0.217,0.221,0.216,0.216,0.211,0.231,0.221,0.216,0.216,0.221,0.222,0.225,0.224,0.226,0.227,0.223,0.228,0.229,0.228,0.229,0.23,0.228,0.232,0.238,0.235,0.239,0.242,0.242,0.24,0.247,0.251,0.245,0.252,0.254,0.249,0.255,0.25,0.264,0.27,0.259,0.264,0.275,0.266,0.27,0.271,0.275,0.284,0.281,0.28,0.281,0.297,0.301,0.294,0.302,0.303,0.31,0.303,0.317,0.323,0.326,0.318,0.316,0.33,0.333,0.332,0.342,0.354,0.348,0.349,0.361,0.35,0.354,0.364,0.364,0.369,0.38,0.381,0.389,0.401,0.39,0.396,0.404,0.411,0.419,0.412,0.417,0.43,0.438,0.441,0.446,0.432,0.444,0.444,0.453,0.452,0.447,0.453,0.46,0.449,0.443,0.456,0.452,0.454,0.459,0.458,0.464,0.461,0.459,0.457,0.455,0.459,0.456,0.455,0.461,0.459,0.467,0.465,0.469,0.467,0.455,0.46,0.474,0.462,0.464,0.463,0.465,0.459,0.466,0.461,0.473,0.467,0.469,0.456,0.473,0.462,0.458,0.462,0.458,0.473,0.454,0.461,0.463,0.46,0.46,0.46,0.463,0.46,0.467,0.467,0.466,0.47,0.453,0.458,0.461,0.462,0.47,0.454,0.462,0.463,0.465,0.46,0.462,0.458,0.464,0.465,0.46,0.461,0.467,0.468,0.46,0.465,0.472,0.475,0.465,0.465,0.464,0.471,0.461,0.459,0.472,0.466,0.46,0.457,0.461,0.464,0.454,0.46,0.462,0.464,0.462,0.456,0.45,0.458,0.46,0.457,0.462,0.46,0.46,0.464,0.463,0.464,0.458,0.458,0.46,0.46,0.457,0.46,0.456,0.456,0.456,0.465,0.47,0.451,0.455,0.462,0.455,0.462,0.466,0.453,0.461,0.46,0.453,0.466,0.448,0.454,0.454,0.455,0.451,0.463,0.46,0.46,0.459,0.46,0.453,0.463,0.454,0.45,0.458,0.461,0.46,0.46,0.457,0.452,0.455,0.46,0.452,0.461,0.462,0.462,0.449,0.45,0.464,0.462,0.459,0.458,0.474,0.467,0.465,0.45,0.461,0.456,0.463,0.464,0.465,0.457,0.466,0.464,0.459,0.464,0.456,0.46,0.453,0.461,0.467,0.453,0.453,0.453,0.463,0.457,0.452,0.454,0.462,0.459,0.46,0.462,0.454,0.452,0.456,0.465,0.461,0.462,0.453,0.464,0.453,0.457,0.456,0.45,0.457,0.457,0.457,0.449,0.456,0.463,0.456,0.461,0.456,0.46
D,5,Sample X23,0.201,0.202,0.202,0.212,0.204,0.208,0.206,0.207,0.203,0.204,0.203,0.209,0.207,0.204,0.211,0.207,0.205,0.218,0.214,0.22,0.213,0.218,0.258,0.215,0.217,0.215,0.22,0.217,0.234,0.215,0.223,0.221,0.223,0.224,0.22,0.22,0.223,0.225,0.227,0.23,0.225,0.227,0.226,0.228,0.228,0.246,0.234,0.231,0.235,0.235,0.242,0.24,0.235,0.243,0.235,0.238,0.242,0.247,0.245,0.247,0.25,0.246,0.254,0.249,0.259,0.255,0.254,0.256,0.255,0.258,0.267,0.264,0.27,0.272,0.27,0.275,0.275,0.273,0.276,0.283,0.291,0.288,0.292,0.294,0.292,0.297,0.3,0.304,0.333,0.316,0.308,0.312,0.325,0.316,0.324,0.329,0.336,0.34,0.338,0.345,0.346,0.342,0.346,0.355,0.358,0.361,0.366,0.37,0.376,0.378,0.381,0.383,0.389,0.396,0.394,0.402,0.406,0.413,0.418,0.427,0.421,0.425,0.442,0.436,0.445,0.497,0.459,0.462,0.464,0.472,0.466,0.477,0.471,0.466,0.467,0.481,0.471,0.472,0.472,0.469,0.474,0.484,0.475,0.479,0.47,0.478,0.492,0.484,0.485,0.477,0.485,0.481,0.476,0.472,0.479,0.484,0.492,0.486,0.481,0.492,0.473,0.484,0.475,0.493,0.483,0.477,0.483,0.485,0.482,0.492,0.487,0.476,0.473,0.488,0.483,0.48,0.472,0.476,0.472,0.469,0.473,0.473,0.478,0.488,0.474,0.485,0.494,0.494,0.484,0.483,0.486,0.48,0.481,0.482,0.476,0.471,0.492,0.5,0.48,0.477,0.472,0.478,0.485,0.475,0.482,0.476,0.473,0.479,0.475,0.482,0.485,0.477,0.476,0.476,0.481,0.478,0.483,0.482,0.477,0.475,0.482,0.477,0.482,0.476,0.472,0.471,0.487,0.474,0.477,0.464,0.472,0.487,0.48,0.486,0.483,0.48,0.479,0.479,0.479,0.475,0.483,0.476,0.476,0.48,0.477,0.468,0.475,0.474,0.483,0.478,0.477,0.47,0.472,0.485,0.474,0.481,0.47,0.488,0.475,0.473,0.481,0.474,0.471,0.476,0.467,0.47,0.468,0.47,0.477,0.474,0.475,0.479,0.468,0.476,0.465,0.478,0.471,0.487,0.469,0.473,0.473,0.477,0.475,0.479,0.469,0.473,0.47,0.472,0.478,0.47,0.477,0.472,0.473,0.483,0.471,0.469,0.48,0.478,0.469,0.477,0.466,0.483,0.474,0.47,0.479,0.462,0.472,0.469,0.477,0.476,0.475,0.558,0.468,0.465,0.468,0.461,0.471,0.469,0.481,0.469,0.469,0.462,0.471,0.479,0.549,0.474,0.476,0.473,0.461,0.462,0.468,0.466,0.47,0.467,0.472,0.475,0.469,0.469,0.481,0.47,0.464,0.474,0.477,0.47,0.475
D,6,Sample X24,0.069,0.07,0.07,0.071,0.071,0.07,0.071,0.071,0.071,0.071,0.072,0.072,0.072,0.072,0.072,0.072,0.072,0.072,0.072,0.071,0.072,0.072,0.072,0.072,0.072,0.072,0.072,0.071,0.072,0.072,0.072,0.072,0.072,0.072,0.072,0.071,0.072,0.071,0.071,0.071,0.071,0.071,0.071,0.071,0.071,0.071,0.071,0.071,0.071,0.071,0.071,0.071,0.072,0.071,0.071,0.071,0.071,0.072,0.071,0.071,0.071,0.071,0.071,0.071,0.071,0.071,0.072,0.071,0.071,0.071,0.071,0.071,0.071,0.071,0.071,0.071,0.072,0.071,0.071,0.072,0.071,0.071,0.071,0.071,0.072,0.071,0.071,0.071,0.072,0.072,0.071,0.071,0.071,0.071,0.071,0.071,0.071,0.072,0.072,0.071,0.071,0.071,0.071,0.071,0.072,0.071,0.071,0.072,0.072,0.072,0.072,0.072,0.071,0.071,0.072,0.071,0.072,0.071,0.071,0.072,0.071,0.071,0.071,0.071,0.071,0.072,0.072,0.072,0.071,0.072,0.072,0.072,0.072,0.071,0.072,0.072,0.071,0.071,0.071,0.071,0.072,0.071,0.071,0.071,0.072,0.071,0.071,0.071,0.071,0.072,0.071,0.072,0.072,0.072,0.071,0.072,0.072,0.071,0.072,0.071,0.071,0.071,0.071,0.072,0.071,0.072,0.071,0.072,0.072,0.072,0.072,0.071,0.071,0.071,0.072,0.072,0.072,0.072,0.071,0.071,0.071,0.071,0.071,0.072,0.071,0.072,0.071,0.072,0.072,0.072,0.071,0.071,0.071,0.072,0.071,0.072,0.071,0.071,0.071,0.071,0.072,0.071,0.072,0.071,0.072,0.072,0.072,0.072,0.071,0.072,0.072,0.072,0.071,0.072,0.072,0.071,0.072,0.071,0.072,0.071,0.071,0.071,0.072,0.072,0.072,0.072,0.072,0.072,0.072,0.072,0.072,0.072,0.072,0.071,0.072,0.072,0.072,0.071,0.071,0.071,0.072,0.071,0.071,0.071,0.071,0.071,0.072,0.071,0.071,0.072,0.072,0.071,0.071,0.071,0.071,0.072,0.071,0.072,0.072,0.071,0.071,0.072,0.072,0.072,0.072,0.071,0.071,0.072,0.071,0.072,0.072,0.071,0.071,0.071,0.072,0.071,0.072,0.071,0.071,0.072,0.072,0.072,0.072,0.071,0.072,0.072,0.072,0.071,0.071,0.072,0.072,0.072,0.071,0.072,0.072,0.071,0.071,0.071,0.072,0.071,0.072,0.071,0.072,0.071,0.071,0.071,0.071,0.071,0.072,0.072,0.071,0.072,0.071,0.071,0.071,0.071,0.072,0.072,0.071,0.072,0.071,0.072,0.071,0.072,0.071,0.071,0.071,0.072,0.071,0.072,0.072,0.072,0.071,0.071,0.071,0.071,0.072,0.072,0.072,0.072,0.071,0.072,0.071,0.072,0.072
